"pff_PLAYID","GameKey","pff_QUARTER","pff_CLOCK","pff_DEFTEAM","pff_DEFSCORE","pff_OFFTEAM","pff_OFFSCORE","pff_DRIVE","pff_DRIVEPLAY","pff_GAINLOSSNET","pff_GAINLOSS","pff_KICKYARDS","pff_NOHUDDLE","pff_NOPLAY","pff_PENALTYYARDS","pff_PREVIOUSPFFPLAYID","pff_RETURNYARDS","pff_SORTORDER","pff_TIMETOPRESSURE","pff_TIMETOTHROW","pff_YARDSAFTERCATCH","pff_YARDSAFTERCONTACT","pff_2MINUTE","pff_BALLCARRIER","pff_BUNCHED","pff_DRIVEENDEVENT","pff_DRIVESTARTEVENT","pff_DROPBACKTYPE","pff_HASH","pff_INCOMPLETIONTYPE","pff_INJURED","pff_KICKDEPTH","pff_KICKER","pff_KICKRESULT","pff_KICKWIDTH","pff_MOFOCPLAYED","pff_MOFOCSHOWN","pff_PASSRESULT","pff_PASSROUTETARGETGROUP","pff_PASSWIDTH","pff_PASSDEPTH","pff_POAACTUAL","pff_POAINTENDED","pff_RBDIRECTION","pff_RETURNER","pff_RUNPASS","pff_SPECIALTEAMSTYPE","pff_TOUCHDOWN","pff_PLAYCLOCK","pff_RUNPASSOPTION","pff_CONTESTED","pff_FIRSTDOWNGAINED","pff_NEXTPLAYID","pff_OFFTIMEOUTSREMAINING","pff_DEFTIMEOUTSREMAINING","JetPers","AsFormation","QBPos","PFFRunType","PFFPlayType","Neutral","Possession","RedZone","NumDB","Rushers","CovNumber","ManZone","CovHigh","CovBlitz","CovHighBlitz","DefPers","Perspective","WP","WP_Punt","WP_FG","WP_Go","EPPT","EP","Down","YardsToGo","AbsoluteYardLine","PlayDescription"
4950432,59072,1,"15:00","DAL",0,"PHI",0,NA,NA,40,73,73,0,0,NA,NA,NA,1,NA,NA,NA,NA,0,"","","","","","C","","","72","DAL 19","TOUCHBACK","8","","","","","","","","","","PHI 35","","KICKOFF","",NA,0,"",NA,4950440,3,3,NA,NA,NA,NA,NA,NA,NA,NA,NA,NA,NA,NA,NA,NA,NA,NA,"DAL",0.633,0.635,0.58,0.675,"Kickoff",1.02787229920246,0,0,65,"B.Maher kicks 65 yards from DAL 35 to end zone, Touchback."
4950440,59072,1,"15:00","DAL",0,"PHI",0,1,1,7,7,NA,0,0,NA,4950432,NA,2,NA,NA,NA,2,0,"PHI 26","","FIELD GOAL","KICKOFF - TB","","R","","","","","","","C","C","","","","","RE","RE","L","","R","","",7,0,"",NA,4950448,3,3,"11","11","Shotgun","INSIDE ZONE READ","INSIDE ZONE READ",1,0,0,5,NA,"3","Zone",1,"Zone","1 Zone","3 3 5","DAL",0.633,0.669,0.728,0.689,"R",0.977105090910883,1,10,75,"(15:00) (Shotgun) M.Sanders right tackle to PHI 32 for 7 yards (D.Wilson)."
4950448,59072,1,"14:24","DAL",0,"PHI",0,1,2,9,9,NA,0,0,NA,4950440,NA,3,NA,1.9,1,1,0,"PHI 11","","FIELD GOAL","KICKOFF - TB","SD","R","","","","","","","C","C","COMPLETE","2R","20","8","","","","","P","","",11,1,"1; DAL 07",1,4950455,3,3,"11","11","Shotgun","INSIDE ZONE","INSIDE ZONE RPO",1,0,0,5,"4 Sim","1","Man",1,"Man Simulated","Man Simulated","3 3 5","DAL",0.62,0.662,0.72,0.663,"P",1.49379055022634,2,3,68,"(14:24) (Shotgun) G.Minshew pass short left to A.Brown to PHI 41 for 9 yards (T.Diggs)."
4950455,59072,1,"13:56","DAL",0,"PHI",0,1,3,48,48,NA,1,0,NA,4950448,NA,4,NA,2.3,21,0,0,"PHI 11","","FIELD GOAL","KICKOFF - TB","SD","C","","","","","","","C","C","COMPLETE","29R","48","27","","","","","P","","",20,1,"",1,4950459,3,3,"11","11","Shotgun","INSIDE ZONE","INSIDE ZONE RPO",1,0,0,5,"4 Sim","1","Man",1,"Man Simulated","Man Simulated","3 3 5","DAL",0.614,0.654,0.71,0.669,"P",2.16331911710702,1,10,59,"(13:58) (No Huddle, Shotgun) G.Minshew pass deep right to A.Brown to DAL 11 for 48 yards (J.Kearse)."
4950459,59072,1,"13:18","DAL",0,"PHI",0,1,4,1,1,NA,0,0,NA,4950455,NA,5,NA,NA,NA,1,0,"PHI 26","PHI 03; PHI 06; PHI 88","FIELD GOAL","KICKOFF - TB","","R","","","","","","","C","C","","","","","MR","MR","R","","R","","",12,1,"",NA,4950465,3,3,"11","10","Shotgun","OUTSIDE ZONE READ","OUTSIDE ZONE READ RPO",0,0,1,5,NA,"1","Man",1,"Man","Man","3 3 5","DAL",0.556,1,0.59,0.609,"R",5.2026862648851,1,10,11,"(13:18) (Shotgun) M.Sanders right tackle to DAL 10 for 1 yard (O.Odighizuwa; C.Watkins)."
4950465,59072,1,"12:38","DAL",0,"PHI",0,1,5,0,0,NA,0,0,NA,4950459,NA,6,NA,NA,NA,1,0,"PHI 26","","FIELD GOAL","KICKOFF - TB","","R","","","","","","","O","O","","","","","LG","LG","L","","R","","",6,1,"",NA,4950472,3,3,"11","11","Shotgun","INSIDE ZONE READ","INSIDE ZONE READ RPO",0,0,1,5,NA,"0","Man",0,"Zero","Zero","3 3 5","DAL",0.569,1,0.588,0.604,"R",4.82121442519957,2,9,10,"(12:38) (Shotgun) M.Sanders left guard to DAL 10 for no gain (D.Wilson, A.Barr)."
4950472,59072,1,"11:56","DAL",0,"PHI",0,1,6,3,3,NA,0,0,NA,4950465,NA,7,2,4.3,NA,1,0,"PHI 10","PHI 06; PHI 16; PHI 88","FIELD GOAL","KICKOFF - TB","SR","L","","","","","","","O","O","RUN","","","0","QB SCRAMBLE","QB SCRAMBLE","","","P","","",4,0,"",NA,4950476,3,3,"11","10","Shotgun","","STANDARD DROP",0,0,1,5,"4 Sim","1","Man",1,"Man Simulated","Man Simulated","3 3 5","DAL",0.589,1,0.587,0.602,"P",4.01889602846158,3,9,10,"(11:56) (Shotgun) G.Minshew scrambles right end pushed ob at DAL 7 for 3 yards (M.Parsons; N.Wright)."
4950476,59072,1,"11:18","DAL",0,"PHI",0,NA,NA,0,25,25,0,0,NA,4950472,NA,8,NA,NA,NA,NA,0,"","","","","","R","","","","PHI 04","MADE - M","","","","","","","","","","","","","FIELD GOAL","",5,0,"",NA,4950506,3,3,NA,NA,NA,NA,NA,NA,NA,NA,NA,NA,NA,NA,NA,NA,NA,NA,"DAL",0.585,1,0.585,0.588,"Field Goal",2.76978444571502,4,6,7,"(11:18) J.Elliott 25 yard field goal is GOOD, Center-R.Lovato, Holder-B.Kern."
4950506,59072,1,"11:16","PHI",3,"DAL",0,NA,NA,40,75,75,0,0,NA,4950476,NA,9,NA,NA,NA,NA,0,"","","","","","C","","","74","PHI 04","TOUCHBACK","33","","","","","","","","","","DAL 09","","KICKOFF","",NA,0,"",NA,4950563,3,3,NA,NA,NA,NA,NA,NA,NA,NA,NA,NA,NA,NA,NA,NA,NA,NA,"DAL",0.584,0.581,0.653,0.529,"Kickoff",1.02787229920246,0,0,65,"J.Elliott kicks 65 yards from PHI 35 to end zone, Touchback."
4950563,59072,1,"11:16","PHI",3,"DAL",0,1,1,1,1,NA,0,0,NA,4950506,NA,10,NA,NA,NA,2,0,"DAL 21","DAL 85; DAL 88","INTERCEPTION-TD","KICKOFF - TB","","L","","","","","","","C","O","","","","","MR","MR","L","","R","","",13,1,"",NA,4950568,3,3,"11","11","Shotgun","INSIDE ZONE READ","INSIDE ZONE READ RPO",1,0,0,5,NA,"3","Zone",1,"Zone","1 Zone","5 1 5","DAL",0.584,0.532,0.474,0.521,"R",0.977105090910883,1,10,75,"(11:16) (Shotgun) E.Elliott up the middle to DAL 26 for 1 yard (R.Blankenship; L.Joseph)."
4950568,59072,1,"10:48","PHI",3,"DAL",0,1,2,4,4,NA,0,0,NA,4950563,NA,11,NA,NA,NA,2,0,"DAL 21","","INTERCEPTION-TD","KICKOFF - TB","","L","","","","","","","O","C","","","","","MR","MR","R","","R","","",17,0,"",NA,4950573,3,3,"11","11","UC","DUO","DUO",1,0,0,5,NA,"2Z","Zone",2,"Zone","2 Zone","5 1 5","DAL",0.569,0.531,0.474,0.523,"R",0.585772929885764,2,9,74,"(10:48) E.Elliott up the middle to DAL 30 for 4 yards (F.Cox)."
4950573,59072,1,"10:25","PHI",3,"DAL",0,1,3,6,6,NA,1,0,NA,4950568,NA,12,NA,1.7,5,2,0,"DAL 21","DAL 85; DAL 86; DAL 88","INTERCEPTION-TD","KICKOFF - TB","SD","L","","","","","","","C","O","COMPLETE","H3","8","1","","","","","P","","",NA,0,"",1,4950579,3,3,"11","10","Shotgun","","QUICK GAME",0,1,0,5,"5+","3","Zone",1,"Zone Pressure","1 Zone Pressure","5 1 5","DAL",0.564,0.534,0.477,0.537,"P",0.317337201817463,3,5,70,"(10:25) (No Huddle, Shotgun) D.Prescott pass short left to E.Elliott to DAL 36 for 6 yards (R.Blankenship)."
4950579,59072,1,"09:57","PHI",3,"DAL",0,1,4,11,11,NA,0,0,NA,4950573,NA,13,2.3,4.5,3,0,0,"DAL 20","","INTERCEPTION-TD","KICKOFF - TB","SR","L","","","","","","","O","O","COMPLETE","SA","49","8","","","","","P","","",19,0,"",1,4950585,3,3,"11","00","Empty","","STANDARD DROP",1,0,0,5,"4","6","Zone",2,"Zone","2 Zone","5 1 5","DAL",0.599,0.538,0.483,0.532,"P",2.04296538552061,1,10,64,"(9:58) (Shotgun) D.Prescott pass short right to T.Pollard pushed ob at DAL 47 for 11 yards (T.Edwards)."
4950585,59072,1,"09:28","PHI",3,"DAL",0,1,5,0,NA,NA,0,0,NA,4950579,NA,14,NA,2.7,NA,NA,0,"","DAL 85; DAL 88","INTERCEPTION-TD","KICKOFF - TB","RL","R","BP","","","","","","C","C","INTERCEPTION","1R","16","3","","","","","P","","PHI 94",15,0,"",NA,4950625,3,3,"11","11","UC","OUTSIDE ZONE","MOVING POCKET",1,0,0,5,"5+","3","Zone",1,"Zone Pressure","1 Zone Pressure","5 1 5","DAL",0.615,0.545,0.494,0.544,"P",2.59523705648233,1,10,53,"(9:28) D.Prescott pass short left intended for D.Schultz INTERCEPTED by J.Sweat at DAL 42. J.Sweat for 42 yards, TOUCHDOWN."
4950625,59072,1,"09:18","DAL",0,"PHI",9,NA,NA,0,NA,NA,0,0,NA,4950585,NA,15,NA,NA,NA,NA,0,"","","","","","C","","","","PHI 04","MADE - M","","","","","","","","","","","","","EXTRA POINT","",NA,0,"",NA,4950629,3,3,NA,NA,NA,NA,NA,NA,NA,NA,NA,NA,NA,NA,NA,NA,NA,NA,"DAL",0.41638,1,0.363,0.329,"Extra Point",0.936890574214518,0,0,15,"J.Elliott extra point is GOOD, Center-R.Lovato, Holder-B.Kern."
4950629,59072,1,"09:18","PHI",10,"DAL",0,NA,NA,40,75,75,0,0,NA,4950625,NA,16,NA,NA,NA,NA,0,"","","","","","C","","","74","PHI 04","TOUCHBACK","33","","","","","","","","","","DAL 09","","KICKOFF","",NA,0,"",NA,4950639,3,3,NA,NA,NA,NA,NA,NA,NA,NA,NA,NA,NA,NA,NA,NA,NA,NA,"DAL",0.415,0.411,0.501,0.351,"Kickoff",1.02787229920246,0,0,65,"J.Elliott kicks 65 yards from PHI 35 to end zone, Touchback."
4950639,59072,1,"09:18","PHI",10,"DAL",0,2,1,0,0,NA,0,0,NA,4950629,NA,17,NA,NA,NA,4,0,"DAL 21","","TOUCHDOWN","KICKOFF - TB","","L","","","","","","","C","C","","","","","LG","LG","R","","R","","",8,0,"",NA,4950646,3,3,"13","13","UC","OUTSIDE ZONE","OUTSIDE ZONE",1,0,0,4,NA,"3","Zone",1,"Zone Pressure","1 Zone Pressure","5 2 4","DAL",0.415,0.35,0.31,0.355,"R",0.977105090910883,1,10,75,"(9:18) E.Elliott up the middle to DAL 25 for no gain (M.Williams)."
4950646,59072,1,"08:45","PHI",10,"DAL",0,2,2,5,5,NA,0,0,NA,4950639,NA,18,NA,2.2,0,0,0,"DAL 88","","TOUCHDOWN","KICKOFF - TB","SD","C","","","","","","","O","O","COMPLETE","3R","47","5","","","","","P","","",11,0,"",NA,4950654,3,3,"11","00","Empty","","STANDARD DROP",1,0,0,5,"4","4","Zone",2,"Zone","2 Zone","4 2 5","DAL",0.395,0.348,0.307,0.352,"P",0.341155994300981,2,10,75,"(8:45) (Shotgun) D.Prescott pass short right to C.Lamb to DAL 30 for 5 yards (A.Maddox)."
4950654,59072,1,"08:18","PHI",10,"DAL",0,2,3,13,13,NA,1,0,NA,4950646,NA,19,2.6,4.3,NA,0,0,"DAL 04","DAL 85; DAL 86; DAL 88","TOUCHDOWN","KICKOFF - TB","SR","R","","","","","","","O","O","RUN","","","0","QB SCRAMBLE","QB SCRAMBLE","","","P","","",25,0,"",1,4950661,3,3,"11","01","Empty","","STANDARD DROP",0,1,0,5,"4","4","Zone",2,"Zone","2 Zone","4 2 5","DAL",0.393,0.349,0.309,0.368,"P",0.317337201817463,3,5,70,"(8:18) (No Huddle, Shotgun) D.Prescott scrambles right end to DAL 43 for 13 yards (M.Epps)."
4950661,59072,1,"07:45","PHI",10,"DAL",0,2,4,-1,-1,NA,0,0,NA,4950654,NA,20,NA,NA,NA,1,0,"DAL 20","","TOUCHDOWN","KICKOFF - TB","","R","","","","","","","C","O","","","","","LT","LT","L","","R","","",14,0,"",NA,4950666,3,3,"11","11","Shotgun","DUO","DUO",1,0,0,5,NA,"3","Zone",1,"Zone Pressure","1 Zone Pressure","4 2 5","DAL",0.442,0.354,0.316,0.368,"R",2.28343005349149,1,10,57,"(7:45) (Shotgun) T.Pollard up the middle to DAL 42 for -1 yards (A.Maddox)."
4950666,59072,1,"07:11","PHI",10,"DAL",0,2,5,6,6,NA,0,0,NA,4950661,NA,21,NA,1.6,1,0,0,"DAL 86","","TOUCHDOWN","KICKOFF - TB","SD","R","","","","","","","O","O","COMPLETE","3R","17","5","","","","","P","","",11,0,"",NA,4950674,3,3,"11","00","Empty","","QUICK GAME",1,0,0,5,"4","6","Zone",2,"Zone","2 Zone","4 2 5","DAL",0.418,0.351,0.313,0.361,"P",1.47064003917861,2,11,58,"(7:11) (Shotgun) D.Prescott pass short left to D.Schultz to DAL 48 for 6 yards (T.Edwards)."
4950674,59072,1,"06:38","PHI",10,"DAL",0,2,6,8,8,NA,0,0,NA,4950666,NA,22,2.7,5,4,1,0,"DAL 13","DAL 13; DAL 85; DAL 88","TOUCHDOWN","KICKOFF - TB","SD","L","","","","","","","C","O","COMPLETE","SA","9","4","","","","","P","","",13,0,"",1,4950684,3,3,"11","10","Shotgun","","STANDARD DROP",0,1,0,5,"5+","3","Zone",1,"Zone Pressure","1 Zone Pressure","4 2 5","DAL",0.42,0.352,0.315,0.387,"P",1.5717355705019,3,5,52,"(6:38) (Shotgun) D.Prescott pass short left to M.Gallup to PHI 44 for 8 yards (H.Reddick) [A.Maddox]."
4950684,59072,1,"05:57","PHI",10,"DAL",0,2,7,9,9,NA,0,0,NA,4950674,NA,23,NA,2.8,15,5,0,"DAL 20","","TOUCHDOWN","KICKOFF - TB","SD","L","","PHI 93","","","","","O","O","COMPLETE","H3","9","-6","","","R","","P","","",9,0,"",NA,4950689,3,3,"12","21","UC","OUTSIDE ZONE","RB SCREEN",1,0,0,4,"5+","2Z","Zone",2,"Zone Pressure","2 Zone Pressure","5 2 4","DAL",0.46,0.351,0.319,0.375,"P",2.89572113430796,1,10,44,"(5:57) D.Prescott pass short left to T.Pollard pushed ob at PHI 35 for 9 yards (K.White). PHI-M.Williams was injured during the play. His return is Questionable."
4950689,59072,1,"05:40","PHI",10,"DAL",0,2,8,3,3,NA,0,0,NA,4950684,NA,24,NA,NA,NA,3,0,"DAL 21","DAL 13; DAL 85","TOUCHDOWN","KICKOFF - TB","","L","","","","","","","C","C","","","","","LT","LT","L","","R","","",32,0,"",1,4950699,3,3,"11","11","Shotgun","PIN PULL","PIN PULL",1,0,0,5,NA,"3","Zone",1,"Zone Pressure","1 Zone Pressure","5 1 5","DAL",0.501,0.349,0.367,0.446,"R",4.101536596571,2,1,35,"(5:40) (Shotgun) E.Elliott left tackle to PHI 32 for 3 yards (T.Edwards; J.Davis)."
4950699,59072,1,"05:06","PHI",10,"DAL",0,2,9,1,1,NA,0,0,NA,4950689,NA,25,NA,NA,NA,2,0,"DAL 21","","TOUCHDOWN","KICKOFF - TB","","L","","","","","","","O","O","","","","","RE","RE","L","","R","","",14,0,"",NA,4950707,3,3,"11","11","Shotgun","INSIDE ZONE","INSIDE ZONE",1,0,0,5,NA,"4","Zone",2,"Zone","2 Zone","5 1 5","DAL",0.481,0.345,0.379,0.384,"R",3.93889904179383,1,10,32,"(5:06) (Shotgun) E.Elliott up the middle to PHI 31 for 1 yard (N.Suh)."
4950707,59072,1,"04:30","PHI",10,"DAL",0,2,10,10,10,NA,0,0,NA,4950699,NA,26,3,6.7,NA,2,0,"DAL 04","","TOUCHDOWN","KICKOFF - TB","SR","L","","","","","","","O","O","RUN","","","0","QB SCRAMBLE","QB SCRAMBLE","","","P","","",9,0,"",1,4950712,3,3,"11","11","Shotgun","","STANDARD DROP",1,0,0,5,"4","4","Zone",2,"Zone","2 Zone","5 1 5","DAL",0.464,0,0.379,0.389,"P",3.51523261207989,2,9,31,"(4:30) (Shotgun) D.Prescott scrambles right end to PHI 21 for 10 yards (P.Johnson)."
4950712,59072,1,"03:48","PHI",10,"DAL",0,2,11,3,3,NA,0,0,NA,4950707,NA,27,NA,NA,NA,3,0,"DAL 21","","TOUCHDOWN","KICKOFF - TB","","R","","","","","","","O","C","","","","","MR","MR","R","","R","","",9,0,"",NA,4950719,3,3,"13","13","UC","OUTSIDE ZONE","OUTSIDE ZONE",1,0,0,4,NA,"6","Zone",2,"Zone","2 Zone","5 2 4","DAL",0.498,0,0.391,0.39,"R",4.52316000306223,1,10,21,"(3:48) E.Elliott right tackle to PHI 18 for 3 yards (B.Graham)."
4950719,59072,1,"03:11","PHI",10,"DAL",0,2,12,9,9,NA,0,0,NA,4950712,NA,28,NA,2.7,8,6,0,"DAL 20","","TOUCHDOWN","KICKOFF - TB","SD","R","","","","","","","O","O","COMPLETE","H5","18","1","","","","","P","","",9,0,"",1,4950725,3,3,"11","11","Shotgun","","STANDARD DROP",0,0,1,5,"4","4","Zone",2,"Zone","2 Zone","4 2 5","DAL",0.49,0,0.392,0.406,"P",4.42955280825797,2,7,18,"(3:11) (Shotgun) D.Prescott pass short left to T.Pollard to PHI 9 for 9 yards (R.Blankenship)."
4950725,59072,1,"02:34","PHI",10,"DAL",0,2,13,8,8,NA,0,0,NA,4950719,NA,29,NA,NA,NA,1,0,"DAL 20","DAL 13; DAL 85","TOUCHDOWN","KICKOFF - TB","","L","","","","","","","O","C","","","","","LT","LT","L","","R","","",12,0,"",NA,4950730,3,3,"11","11","UC","CROSS LEAD","CROSS LEAD",0,0,1,5,NA,"RedZone","Other",NA,"Other","Other","4 2 5","DAL",0.52,0,0.396,0.363,"R",5.30620591146916,1,9,9,"(2:34) T.Pollard up the middle to PHI 1 for 8 yards (M.Epps, R.Blankenship)."
4950730,59072,1,"01:54","PHI",10,"DAL",0,2,14,1,1,NA,0,0,NA,4950725,NA,30,NA,NA,NA,0,0,"DAL 21","","TOUCHDOWN","KICKOFF - TB","","L","","","","","","","O","O","","","","","LE","LE","L","","R","","DAL 21",7,0,"",1,4950734,3,3,"14T","23","UC","ISO","ISO",0,0,1,2,NA,"GoalLine","Other",NA,"Other","Other","6 3 2","DAL",0.557,0,0.394,0.47,"R",6.08935445003649,2,1,1,"(1:54) E.Elliott left tackle for 1 yard, TOUCHDOWN."
4950734,59072,1,"01:52","PHI",10,"DAL",6,NA,NA,0,NA,NA,0,0,NA,4950730,NA,31,NA,NA,NA,NA,0,"","","","","","L","","","","DAL 19","MADE - IL","","","","","","","","","","","","","EXTRA POINT","",NA,0,"",NA,4950737,3,3,NA,NA,NA,NA,NA,NA,NA,NA,NA,NA,NA,NA,NA,NA,NA,NA,"DAL",0.51474,0,0.562,0.646,"Extra Point",0.936890574214518,0,0,15,"B.Maher extra point is GOOD, Center-M.Overton, Holder-B.Anger."
4950737,59072,1,"01:52","DAL",7,"PHI",10,NA,NA,40,75,75,0,0,NA,4950734,NA,32,NA,NA,NA,NA,0,"","","","","","C","","","73","DAL 19","TOUCHBACK","19","","","","","","","","","","PHI 35","","KICKOFF","",NA,0,"",NA,4950742,3,3,NA,NA,NA,NA,NA,NA,NA,NA,NA,NA,NA,NA,NA,NA,NA,NA,"DAL",0.516,0.518,0.454,0.583,"Kickoff",1.02787229920246,0,0,65,"B.Maher kicks 65 yards from DAL 35 to end zone, Touchback."
4950742,59072,1,"01:52","DAL",7,"PHI",10,2,1,7,7,NA,0,0,NA,4950737,NA,33,NA,NA,NA,7,0,"PHI 26","","INTERCEPTION","KICKOFF - TB","","R","","","","","","","C","C","","","","","ML","ML","L","","R","","",9,0,"",NA,4950748,3,3,"12","12","Shotgun","INSIDE ZONE READ","INSIDE ZONE READ",1,0,0,5,NA,"1","Man",1,"Man Pressure","Man Pressure","3 3 5","DAL",0.516,0.575,0.66,0.602,"R",0.977105090910883,1,10,75,"(1:52) (Shotgun) M.Sanders up the middle to PHI 32 for 7 yards (D.Clark)."
4950748,59072,1,"01:12","DAL",7,"PHI",10,2,2,13,13,NA,0,0,NA,4950742,NA,34,NA,NA,NA,15,0,"PHI 26","","INTERCEPTION","KICKOFF - TB","","L","","","","","","","C","C","","","","","RE","RE","R","","R","","",6,0,"",1,4950753,3,3,"12","12","Shotgun","COUNTER","COUNTER",1,0,0,5,NA,"1","Man",1,"Man Pressure","Man Pressure","3 3 5","DAL",0.501,0.564,0.648,0.565,"R",1.49379055022634,2,3,68,"(1:12) (Shotgun) M.Sanders right end to PHI 45 for 13 yards (T.Diggs)."
4950753,59072,1,"00:31","DAL",7,"PHI",10,2,3,-2,-2,NA,0,0,NA,4950748,NA,35,NA,NA,NA,1,0,"PHI 26","","INTERCEPTION","KICKOFF - TB","","R","","","","","","","C","C","","","","","LG","LG","L","","R","","",8,0,"",NA,4950759,3,3,"12","12","Pistol","OUTSIDE ZONE","OUTSIDE ZONE",1,0,0,5,NA,"3","Zone",1,"Zone","1 Zone","3 3 5","DAL",0.485,0.547,0.626,0.568,"R",2.42794319803527,1,10,55,"(:31) (Shotgun) M.Sanders left tackle to PHI 43 for -2 yards (D.Wilson)."
4950759,59072,2,"15:00","DAL",7,"PHI",10,2,4,0,NA,NA,0,0,NA,4950753,NA,36,NA,2.4,NA,NA,0,"","PHI 11; PHI 26","INTERCEPTION","KICKOFF - TB","SD","L","CC","","","","","","O","C","INTERCEPTION","6R","27","6","","","","","P","","",11,0,"1; DAL 27",NA,4950766,3,3,"11","00","Empty","","STANDARD DROP",1,0,0,5,"4 Sim","2Z","Zone",2,"Zone Simulated","2 Zone Simulated","3 3 5","DAL",0.509,0.548,0.629,0.578,"P",1.10396403113472,2,12,57,"(15:00) (Shotgun) G.Minshew pass short middle intended for Q.Watkins INTERCEPTED by J.Kearse at PHI 49. J.Kearse to PHI 47 for 2 yards (Q.Watkins)."
4950766,59072,2,"14:52","PHI",10,"DAL",7,3,1,-10,-10,NA,0,0,NA,4950759,NA,37,3.8,4.1,NA,NA,0,"DAL 04","DAL 09; DAL 13","TOUCHDOWN","INTERCEPTION","FF","C","","","","","","","C","C","SACK","","","0","","","R","","P","","",13,0,"",NA,4950773,3,3,"02","11","UC","OUTSIDE ZONE","PLAY ACTION",1,0,0,5,"4","3","Zone",1,"Zone","1 Zone","4 2 5","DAL",0.61,0.526,0.471,0.529,"P",2.87574725450015,1,10,47,"(14:52) D.Prescott sacked at DAL 43 for -10 yards (A.Maddox)."
4950773,59072,2,"14:13","PHI",10,"DAL",7,3,2,5,5,NA,0,0,NA,4950766,NA,38,2,2.6,1,0,0,"DAL 88","","TOUCHDOWN","INTERCEPTION","SD","L","","","","","","","O","O","COMPLETE","6R","9","4","","","","","P","","",9,0,"",NA,4950780,3,3,"11","00","Empty","","STANDARD DROP",1,0,0,5,"4","6","Zone",2,"Zone","2 Zone","4 2 5","DAL",0.559,0.519,0.455,0.48,"P",1.01137669176786,2,20,57,"(14:13) (Shotgun) D.Prescott pass short left to C.Lamb to DAL 48 for 5 yards (D.Slay)."
4950780,59072,2,"13:37","PHI",10,"DAL",7,3,3,7,7,NA,0,0,NA,4950773,NA,39,NA,1.7,2,1,0,"DAL 88","","TOUCHDOWN","INTERCEPTION","SD","L","","","","","","","C","O","COMPLETE","6R","10","5","","","","","P","","",10,0,"",NA,4950785,3,3,"10","00","Empty","","QUICK GAME",0,1,0,5,"4","3","Zone",1,"Zone","1 Zone","4 2 5","DAL",0.549,0.521,0.459,0.497,"P",0.418076696824486,3,15,52,"(13:37) (Shotgun) D.Prescott pass short left to C.Lamb to PHI 45 for 7 yards (T.Edwards)."
4950785,59072,2,"12:58","PHI",10,"DAL",7,3,4,5,NA,NA,0,1,5,4950780,NA,40,3.2,3.5,NA,NA,0,"","","TOUCHDOWN","INTERCEPTION","SD","L","PE","","","","","","O","O","INCOMPLETE","3R","52","17","","","L:R","","P","","",8,0,"",1,4950792,3,3,"11","20","Shotgun","","STANDARD DROP",0,1,0,5,"4","4","Zone",2,"Zone","2 Zone","4 2 5","DAL",0.534,0.522,0.467,0.534,"P",0.0111100038821115,4,8,45,"(12:58) (Shotgun) D.Prescott pass incomplete short right to T.Hilton.
PENALTY on PHI-D.Slay, Illegal Contact, 5 yards, enforced at PHI 45 - No Play."
4950792,59072,2,"12:52","PHI",10,"DAL",7,3,5,-4,-4,NA,0,0,NA,4950785,NA,41,NA,NA,NA,1,0,"DAL 20","","TOUCHDOWN","INTERCEPTION","","L","","","","","","","O","C","","","","","LE","LE","L","","R","","",11,0,"",NA,4950797,3,3,"12","12","UC","OUTSIDE ZONE","OUTSIDE ZONE",1,0,0,4,NA,"4","Zone",2,"Zone","2 Zone","5 2 4","DAL",0.619,0.523,0.49,0.534,"R",3.30884867787939,1,10,40,"(12:52) T.Pollard left tackle to PHI 44 for -4 yards (M.Williams)."
4950797,59072,2,"12:14","PHI",10,"DAL",7,3,6,8,8,NA,0,0,NA,4950792,NA,42,3,4.4,0,0,0,"DAL 13","DAL 85; DAL 86","TOUCHDOWN","INTERCEPTION","SR","L","","","","","","","O","O","COMPLETE","5R","52","8","","","R","","P","","",8,0,"",NA,4950801,3,3,"11","10","Shotgun","","STANDARD DROP",1,0,0,5,"4","4","Zone",2,"Zone","2 Zone","4 2 5","DAL",0.586,0.521,0.467,0.507,"P",2.07272267552773,2,14,44,"(12:14) (Shotgun) D.Prescott pass short right to M.Gallup ran ob at PHI 36 for 8 yards."
4950801,59072,2,"11:41","PHI",10,"DAL",7,3,7,36,36,NA,0,0,NA,4950797,NA,43,NA,2.6,6,6,0,"DAL 88","DAL 85; DAL 86; DAL 88","TOUCHDOWN","INTERCEPTION","SD","R","","","","","","","C","O","COMPLETE","7R","6","30","","","R","","P","","DAL 88",9,0,"",1,4950805,3,3,"11","10","Shotgun","","STANDARD DROP",0,1,0,5,"4","3","Zone",1,"Zone","1 Zone","4 2 5","DAL",0.591,0.518,0.535,0.552,"P",1.98732321571952,3,6,36,"(11:41) (Shotgun) D.Prescott pass deep left to C.Lamb for 36 yards, TOUCHDOWN."
4950805,59072,2,"11:34","PHI",10,"DAL",13,NA,NA,0,NA,NA,0,0,NA,4950801,NA,44,NA,NA,NA,NA,0,"","","","","","L","","","","DAL 19","MADE - M","","","","","","","","","","","","","EXTRA POINT","",NA,0,"",NA,4950809,3,3,NA,NA,NA,NA,NA,NA,NA,NA,NA,NA,NA,NA,NA,NA,NA,NA,"DAL",0.71686,0,0.756,0.805,"Extra Point",0.936890574214518,0,0,15,"B.Maher extra point is GOOD, Center-M.Overton, Holder-B.Anger."
4950809,59072,2,"11:34","DAL",14,"PHI",10,NA,NA,39,68,68,0,0,NA,4950805,29,45,NA,NA,NA,NA,0,"PHI 35","","","","","C","","","68","DAL 19","RETURNED","18","","","","","","","","","","PHI 35","","KICKOFF","",NA,0,"",NA,4950822,3,3,NA,NA,NA,NA,NA,NA,NA,NA,NA,NA,NA,NA,NA,NA,NA,NA,"DAL",0.718,0.72,0.646,0.766,"Kickoff",1.02787229920246,0,0,65,"B.Maher kicks 68 yards from DAL 35 to PHI -3. B.Scott pushed ob at PHI 26 for 29 yards (I.Mukuamu)."
4950822,59072,2,"11:28","DAL",14,"PHI",10,3,1,25,25,NA,0,0,0,4950809,NA,46,3.1,3.2,6,2,0,"PHI 88","","TOUCHDOWN","KICKOFF - RETURN","SD","R","","","","","","","C","C","COMPLETE","7R","43","19","","","","","P","","",5,0,"",1,4950828,3,3,"13","13","UC","UNDEFINED","PLAY ACTION",1,0,0,5,"4","1","Man",1,"Man","Man","4 2 5","DAL",0.717,0.761,0.815,0.774,"P",1.20747470213049,1,10,74,"(11:28) G.Minshew pass deep right to D.Goedert pushed ob at DAL 49 for 25 yards (M.Hooker).
Penalty on DAL-D.Lawrence, Defensive Offside, declined."
4950828,59072,2,"10:56","DAL",14,"PHI",10,3,2,19,19,NA,0,0,NA,4950822,NA,47,NA,2.3,0,0,0,"PHI 16","","TOUCHDOWN","KICKOFF - RETURN","SD","R","","","","","","","C","C","COMPLETE","XR","32","19","","","R","","P","","",1,0,"",1,4950835,3,3,"11","11","Shotgun","UNDEFINED","PLAY ACTION",1,0,0,5,"5+","3","Zone",1,"Zone Pressure","1 Zone Pressure","4 2 5","DAL",0.679,0.743,0.791,0.744,"P",2.7286123503424,1,10,49,"(10:56) (Shotgun) G.Minshew pass deep middle to Q.Watkins to DAL 30 for 19 yards (M.Hooker)."
4950835,59072,2,"10:28","DAL",14,"PHI",10,3,3,0,NA,NA,1,0,NA,4950828,NA,48,NA,2.6,NA,NA,0,"","","TOUCHDOWN","KICKOFF - RETURN","SD","R","OT","","","","","","C","C","INCOMPLETE","XR","36","17","","","","","P","","",20,0,"",NA,4950838,3,3,"11","11","Shotgun","POWER","PLAY ACTION",1,0,0,5,"4","3","Zone",1,"Zone","1 Zone","4 2 5","DAL",0.649,1,0.716,0.721,"P",4.0564816756657,1,10,30,"(10:28) (No Huddle, Shotgun) G.Minshew pass incomplete deep right to Q.Watkins."
4950838,59072,2,"10:23","DAL",14,"PHI",10,3,4,5,5,NA,0,0,NA,4950835,NA,49,NA,NA,NA,5,0,"PHI 26","","TOUCHDOWN","KICKOFF - RETURN","","C","","","","","","","C","C","","","","","MR","MR","R","","R","","",3,1,"",NA,4950845,3,3,"11","11","Shotgun","DRAW","DRAW RPO",1,0,0,5,NA,"1","Man",1,"Man Pressure","Man Pressure","3 3 5","DAL",0.667,1,0.716,0.721,"R",3.62635353757653,2,10,30,"(10:23) (Shotgun) M.Sanders left tackle to DAL 25 for 5 yards (A.Barr)."
4950845,59072,2,"09:42","DAL",14,"PHI",10,3,5,7,7,NA,0,0,NA,4950838,NA,50,NA,1.8,0,0,0,"PHI 11","PHI 06; PHI 88","TOUCHDOWN","KICKOFF - RETURN","SD","L","","","","","","","C","C","COMPLETE","2R","28","7","","","","","P","","",5,0,"",1,4950853,3,3,"11","01","Empty","","QUICK GAME",0,1,0,5,"5+","1","Man",1,"Man Pressure","Man Pressure","3 3 5","DAL",0.669,1,0.709,0.693,"P",3.41194067195085,3,5,25,"(9:42) (Shotgun) G.Minshew pass short middle to A.Brown to DAL 18 for 7 yards (D.Bland, D.Clark)."
4950853,59072,2,"09:12","DAL",14,"PHI",10,3,6,11,11,NA,1,0,NA,4950845,NA,51,NA,NA,NA,5,0,"PHI 14","","TOUCHDOWN","KICKOFF - RETURN","","C","","","","","","","O","O","","","","","MR","MR","R","","R","","",21,1,"",1,4950858,3,3,"11","11","Shotgun","INSIDE ZONE READ","INSIDE ZONE READ RPO",0,0,1,5,NA,"4","Zone",2,"Zone","2 Zone","3 3 5","DAL",0.628,1,0.701,0.703,"R",4.84923604688324,1,10,18,"(9:12) (No Huddle, Shotgun) K.Gainwell right guard to DAL 7 for 11 yards (M.Hooker)."
4950858,59072,2,"08:47","DAL",14,"PHI",10,3,7,4,4,NA,1,0,NA,4950853,NA,52,NA,NA,NA,1,0,"PHI 14","PHI 06; PHI 16","TOUCHDOWN","KICKOFF - RETURN","","C","","","","","","","C","C","","","","","ML","ML","R","","R","","",23,0,"",NA,4950865,3,3,"11","12","Shotgun","INSIDE ZONE READ","INSIDE ZONE READ",0,0,1,5,NA,"RedZone","Other",NA,"Other","Other","3 3 5","DAL",0.602,1,0.695,0.703,"R",5.47748004706781,1,7,7,"(8:47) (No Huddle, Shotgun) K.Gainwell up the middle to DAL 3 for 4 yards (M.Hooker, D.Lawrence)."
4950865,59072,2,"08:20","DAL",14,"PHI",10,3,8,2,2,NA,1,0,NA,4950858,NA,53,NA,NA,NA,2,0,"PHI 14","","TOUCHDOWN","KICKOFF - RETURN","","R","","","","","","","O","O","","","","","LT","LT","R","","R","","",20,0,"",NA,4950872,3,3,"11","12","Shotgun","INSIDE ZONE READ","INSIDE ZONE READ",0,0,1,5,NA,"RedZone","Other",NA,"Other","Other","3 3 5","DAL",0.598,1,0.695,0.666,"R",5.55821802745635,2,3,3,"(8:20) (No Huddle, Shotgun) K.Gainwell up the middle to DAL 1 for 2 yards (J.Kearse, D.Clark)."
4950872,59072,2,"07:54","DAL",14,"PHI",10,3,9,0,0,NA,1,0,NA,4950865,NA,54,NA,NA,NA,2,0,"PHI 14","","TOUCHDOWN","KICKOFF - RETURN","","R","","","","","","","O","O","","","","","LE","ML","R","","R","","",19,0,"",NA,4950878,3,3,"11","12","Shotgun","INSIDE ZONE","INSIDE ZONE",0,0,1,5,NA,"0","Man",0,"Zero","Zero","3 3 5","DAL",0.599,1,0.695,0.602,"R",5.55187374734514,3,1,1,"(7:54) (No Huddle, Shotgun) K.Gainwell up the middle to DAL 1 for no gain (D.Lawrence, D.Wilson)."
4950878,59072,2,"07:15","DAL",14,"PHI",10,3,10,1,1,NA,0,0,NA,4950872,NA,55,NA,NA,NA,1,0,"PHI 10","","TOUCHDOWN","KICKOFF - RETURN","","R","","","","","","","O","O","","","","","QB SNEAK","QB SNEAK","U","","R","","PHI 10",8,0,"",1,4950880,3,3,"12","22","UC","SNEAK","SNEAK",0,0,1,5,NA,"0","Man",0,"Man","Man","3 3 5","DAL",0.601,1,0.695,0.601,"R",4.3367397354686,4,1,1,"(7:15) G.Minshew up the middle for 1 yard, TOUCHDOWN."
4950880,59072,2,"07:08","DAL",14,"PHI",16,NA,NA,0,NA,NA,0,0,NA,4950878,NA,56,NA,NA,NA,NA,0,"","","","","","C","","","","PHI 04","MADE - M","","","","","","","","","","","","","EXTRA POINT","",NA,0,"",NA,4950884,3,3,NA,NA,NA,NA,NA,NA,NA,NA,NA,NA,NA,NA,NA,NA,NA,NA,"DAL",0.54398,1,0.487,0.429,"Extra Point",0.936890574214518,0,0,15,"J.Elliott extra point is GOOD, Center-R.Lovato, Holder-B.Kern."
4950884,59072,2,"07:08","PHI",17,"DAL",14,NA,NA,40,71,71,0,0,NA,4950880,NA,57,NA,NA,NA,NA,0,"","","","","","C","","","71","PHI 04","TOUCHBACK","29","","","","","","","","","","DAL 09","","KICKOFF","",NA,0,"",NA,4950893,3,3,NA,NA,NA,NA,NA,NA,NA,NA,NA,NA,NA,NA,NA,NA,NA,NA,"DAL",0.542,0.538,0.633,0.473,"Kickoff",1.02787229920246,0,0,65,"J.Elliott kicks 65 yards from PHI 35 to end zone, Touchback."
4950893,59072,2,"07:08","PHI",17,"DAL",14,4,1,3,3,NA,0,0,NA,4950884,NA,58,NA,NA,NA,1,0,"DAL 20","DAL 13; DAL 85","FIELD GOAL","KICKOFF - TB","","R","","","","","","","C","C","","","","","LE","LE","L","","R","","",7,0,"",NA,4950896,3,3,"11","11","UC","PIN PULL","PIN PULL",1,0,0,5,NA,"3","Zone",1,"Zone Pressure","1 Zone Pressure","5 1 5","DAL",0.542,0.478,0.399,0.46,"R",0.977105090910883,1,10,75,"(7:08) T.Pollard left end to DAL 28 for 3 yards (J.Bradberry)."
4950896,59072,2,"06:34","PHI",17,"DAL",14,4,2,8,8,NA,0,0,NA,4950893,NA,59,NA,1.7,1,1,0,"DAL 13","DAL 13; DAL 88","FIELD GOAL","KICKOFF - TB","SD","L","","","","","","","C","C","COMPLETE","3R","4","7","","","","","P","","",13,0,"",1,4950900,3,3,"11","00","Empty","","QUICK GAME",1,0,0,5,"5+","3","Zone",1,"Zone Pressure","1 Zone Pressure","5 1 5","DAL",0.533,0.48,0.401,0.469,"P",0.757524070181175,2,7,72,"(6:34) (Shotgun) D.Prescott pass short left to M.Gallup pushed ob at DAL 36 for 8 yards (D.Slay)."
4950900,59072,2,"06:09","PHI",17,"DAL",14,4,3,3,3,NA,0,0,NA,4950896,NA,60,NA,NA,NA,2,0,"DAL 21","","FIELD GOAL","KICKOFF - TB","","L","","PHI 90","","","","","C","O","","","","","LE","LE","L","","R","","",16,0,"",NA,4950906,3,3,"11","11","UC","OUTSIDE ZONE","OUTSIDE ZONE",1,0,0,5,NA,"3","Zone",1,"Zone","1 Zone","5 1 5","DAL",0.562,0.488,0.411,0.475,"R",2.04296538552061,1,10,64,"(6:09) E.Elliott left tackle to DAL 39 for 3 yards (J.Davis; J.Sweat). PHI-J.Davis was injured during the play. His return is Questionable."
4950906,59072,2,"05:48","PHI",17,"DAL",14,4,4,0,0,NA,0,0,NA,4950900,NA,61,NA,NA,NA,1,0,"DAL 21","DAL 13; DAL 88","FIELD GOAL","KICKOFF - TB","","L","","","","","","","C","O","","","","","RG","RG","R","","R","","",25,1,"",NA,4950908,3,3,"11","11","Shotgun","INSIDE ZONE READ","INSIDE ZONE READ RPO",1,0,0,5,NA,"3","Zone",1,"Zone Pressure","1 Zone Pressure","5 1 5","DAL",0.553,0.49,0.414,0.487,"R",1.68314068434408,2,7,61,"(5:48) (Shotgun) E.Elliott right guard to DAL 39 for no gain (L.Joseph)."
4950908,59072,2,"05:19","PHI",17,"DAL",14,4,5,26,26,NA,1,0,0,4950906,NA,62,NA,2.5,0,0,0,"DAL 88","DAL 86; DAL 88","FIELD GOAL","KICKOFF - TB","SD","R","","","","","","","O","O","COMPLETE","9S","22","26","","","R","","P","","",16,0,"",1,4950913,3,3,"11","10","Shotgun","","STANDARD DROP",0,1,0,5,"4","6","Zone",2,"Zone","2 Zone","4 2 5","DAL",0.526,0.489,0.412,0.485,"P",0.828887150287486,3,7,61,"(5:19) (No Huddle, Shotgun) D.Prescott pass deep middle to C.Lamb to PHI 35 for 26 yards (M.Epps).
Penalty on PHI-J.Sweat, Defensive Offside, declined."
4950913,59072,2,"04:56","PHI",17,"DAL",14,4,6,1,1,NA,0,0,NA,4950908,NA,63,NA,NA,NA,1,0,"DAL 21","","FIELD GOAL","KICKOFF - TB","","L","","","","","","","O","C","","","","","RT","RT","R","","R","","",9,0,"",NA,4950917,3,3,"12","12","Shotgun","COUNTER","COUNTER",1,0,0,4,NA,"6","Zone",2,"Zone","2 Zone","5 2 4","DAL",0.617,0.498,0.529,0.52,"R",3.76260404836248,1,10,35,"(4:56) (Shotgun) E.Elliott up the middle to PHI 34 for 1 yard (L.Joseph, K.White)."
4950917,59072,2,"04:20","PHI",17,"DAL",14,4,7,6,6,NA,0,0,NA,4950913,NA,64,NA,2.5,2,1,0,"DAL 88","","FIELD GOAL","KICKOFF - TB","SD","R","","","","","","","C","O","COMPLETE","6R","28","4","","","","","P","","",10,0,"",NA,4950921,3,3,"12","00","Empty","","STANDARD DROP",1,0,0,5,"4","3","Zone",1,"Zone","1 Zone","4 2 5","DAL",0.6,0.495,0.537,0.525,"P",3.26216627983979,2,9,34,"(4:20) (Shotgun) D.Prescott pass short middle to C.Lamb to PHI 28 for 6 yards (K.White)."
4950921,59072,2,"03:44","PHI",17,"DAL",14,4,8,4,4,NA,0,0,NA,4950917,NA,65,NA,1.2,7,1,0,"DAL 88","DAL 85; DAL 88","FIELD GOAL","KICKOFF - TB","SD","C","","","","","","","C","C","COMPLETE","0R","14","-3","","","","","P","","",9,1,"",1,4950925,3,3,"11","11","Shotgun","INSIDE ZONE","INSIDE ZONE RPO",0,1,0,5,"5+","3","Zone",1,"Zone Pressure","1 Zone Pressure","4 2 5","DAL",0.606,0,0.567,0.566,"P",3.41920072323872,3,3,28,"(3:44) (Shotgun) D.Prescott pass short left to C.Lamb to PHI 24 for 4 yards (T.Edwards)."
4950925,59072,2,"03:08","PHI",17,"DAL",14,4,9,14,14,NA,0,0,NA,4950921,NA,66,1.8,1.9,6,4,0,"DAL 88","","FIELD GOAL","KICKOFF - TB","SD","L","","","","","","","O","C","COMPLETE","2R","25","8","","","","","P","","",10,0,"",1,4950930,3,3,"11","11","Shotgun","","QUICK GAME",1,0,0,5,"4","4","Zone",2,"Zone","2 Zone","4 2 5","DAL",0.637,0,0.575,0.533,"P",4.4926670692956,1,10,24,"(3:08) (Shotgun) D.Prescott pass short middle to C.Lamb to PHI 10 for 14 yards (R.Blankenship)."
4950930,59072,2,"02:29","PHI",17,"DAL",14,4,10,5,5,NA,0,0,NA,4950925,NA,67,NA,NA,NA,1,0,"DAL 21","DAL 13; DAL 85","FIELD GOAL","KICKOFF - TB","","L","","","","","","","O","O","","","","","RG","ML","L","","R","","",7,0,"",NA,4950936,3,3,"11","11","UC","DUO","DUO",0,0,1,5,NA,"RedZone","Other",NA,"Other Pressure","Other Pressure","5 1 5","DAL",0.664,0,0.597,0.523,"R",5.27172149349236,1,10,10,"(2:29) E.Elliott right guard to PHI 5 for 5 yards (T.Edwards; R.Blankenship)."
4950936,59072,2,"02:00","PHI",17,"DAL",14,4,11,2,2,NA,0,0,NA,4950930,NA,68,NA,NA,NA,1,0,"DAL 21","","FIELD GOAL","KICKOFF - TB","","R","","","","","","","C","C","","","","","ML","MR","L","","R","","",19,1,"",NA,4950940,3,3,"11","11","Shotgun","INSIDE ZONE","INSIDE ZONE RPO",0,0,1,5,NA,"1","Man",1,"Man Pressure","Man Pressure","5 1 5","DAL",0.666,0,0.598,0.562,"R",5.29832288276926,2,5,5,"(2:00) (Shotgun) E.Elliott left tackle to PHI 3 for 2 yards (L.Joseph)."
4950940,59072,2,"01:55","PHI",17,"DAL",14,4,12,0,NA,NA,0,0,NA,4950936,NA,69,NA,1.5,NA,NA,0,"","DAL 85; DAL 86; DAL 88","FIELD GOAL","KICKOFF - TB","SD","L","RE","","","","","","C","C","INCOMPLETE","9F","3","10","","","","","P","","",20,0,"",NA,4950943,3,2,"11","10","Shotgun","","QUICK GAME",0,0,1,5,"5+","1","Man",1,"Man Pressure","Man Pressure","5 1 5","DAL",0.654,0,0.598,0.578,"P",4.68550331421647,3,3,3,"(1:55) (Shotgun) D.Prescott pass incomplete short left to M.Gallup."
4950943,59072,2,"01:52","PHI",17,"DAL",14,NA,NA,0,21,21,0,0,NA,4950940,NA,70,NA,NA,NA,NA,0,"","","","","","L","","","","DAL 19","MADE - M","","","","","","","","","","","","","FIELD GOAL","",NA,0,"",NA,4950945,3,2,NA,NA,NA,NA,NA,NA,NA,NA,NA,NA,NA,NA,NA,NA,NA,NA,"DAL",0.598,0,0.598,0.578,"Field Goal",2.98421737354903,4,3,3,"(1:52) B.Maher 21 yard field goal is GOOD, Center-M.Overton, Holder-B.Anger."
4950945,59072,2,"01:49","DAL",17,"PHI",17,NA,NA,40,75,75,0,0,NA,4950943,NA,71,NA,NA,NA,NA,0,"","","","","","C","","","71","DAL 19","TOUCHBACK","17","","","","","","","","","","PHI 35","","KICKOFF","",NA,0,"",NA,4950949,2,3,NA,NA,NA,NA,NA,NA,NA,NA,NA,NA,NA,NA,NA,NA,NA,NA,"DAL",0.598,0.601,0.511,0.655,"Kickoff",1.02787229920246,0,0,65,"B.Maher kicks 65 yards from DAL 35 to end zone, Touchback."
4950949,59072,2,"01:49","DAL",17,"PHI",17,4,1,15,NA,NA,0,1,15,4950945,NA,72,NA,2.7,NA,NA,2,"","","FIELD GOAL","KICKOFF - TB","SD","R","PE","","","","","","C","O","INCOMPLETE","3R","52","18","","","","","P","","",7,0,"",1,4950953,2,3,"11","10","Shotgun","","STANDARD DROP",0,0,0,6,"4 Sim","1","Man",1,"Man Simulated","Man Simulated","3 2 6","DAL",0.598,0.646,0.736,0.677,"P",0.977105090910883,1,10,75,"(1:49) (Shotgun) G.Minshew pass incomplete short right to D.Goedert.
PENALTY on DAL-D.Wilson, Defensive Pass Interference, 15 yards, enforced at PHI 25 - No Play."
4950953,59072,2,"01:45","DAL",17,"PHI",17,4,2,6,6,NA,0,0,NA,4950949,NA,73,NA,2.3,4,1,2,"PHI 14","","FIELD GOAL","KICKOFF - TB","SD","R","","","","","","","O","C","COMPLETE","H7","28","2","","","","","P","","",13,0,"",NA,4950960,2,3,"11","10","Shotgun","","STANDARD DROP",0,0,0,6,"4 Sim","2Z","Zone",2,"Zone Simulated","2 Zone Simulated","3 2 6","DAL",0.571,0.624,0.711,0.651,"P",2.14994536053658,1,10,60,"(1:45) (Shotgun) G.Minshew pass short middle to K.Gainwell to PHI 46 for 6 yards (D.Bland)."
4950960,59072,2,"01:21","DAL",17,"PHI",17,4,3,0,NA,NA,1,0,NA,4950953,NA,74,NA,3.2,NA,NA,2,"","PHI 11; PHI 16","FIELD GOAL","KICKOFF - TB","SD","C","OT","","","","","","O","C","INCOMPLETE","4R","24","15","","","","","P","","",24,0,"",NA,4950969,2,3,"11","10","Shotgun","","STANDARD DROP",0,0,0,6,"4 Sim","2Z","Zone",2,"Zone Simulated","2 Zone Simulated","3 2 6","DAL",0.563,0.618,0.701,0.617,"P",2.37354865866145,2,4,54,"(1:21) (No Huddle, Shotgun) G.Minshew pass incomplete short left to D.Smith."
4950969,59072,2,"01:16","DAL",17,"PHI",17,4,4,20,20,NA,0,0,NA,4950960,NA,75,2.1,2.2,9,7,2,"PHI 88","PHI 16; PHI 88","FIELD GOAL","KICKOFF - TB","SD","C","","","","","","","O","C","COMPLETE","XR","28","11","","","","","P","","",1,0,"",1,4950974,2,3,"11","00","Empty","","STANDARD DROP",0,0,0,6,"3-","2M","Man",2,"Man Drop 8","Man Drop 8","3 2 6","DAL",0.589,0.617,0.701,0.617,"P",1.55130906239069,3,4,54,"(1:16) (Shotgun) G.Minshew pass short middle to D.Goedert to DAL 34 for 20 yards (D.Wilson)."
4950974,59072,2,"00:51","DAL",17,"PHI",17,4,5,4,4,NA,1,0,NA,4950969,NA,76,NA,1.8,0,0,2,"PHI 06","","FIELD GOAL","KICKOFF - TB","SD","L","","","","","","","C","O","COMPLETE","4R","15","4","","","","","P","","",24,0,"",NA,4950980,2,3,"11","10","Shotgun","","QUICK GAME",0,0,0,6,"4 Sim","3","Zone",1,"Zone Simulated","1 Zone Simulated","3 2 6","DAL",0.519,0.614,0.585,0.602,"P",3.74958640019776,1,10,34,"(:51) (No Huddle, Shotgun) G.Minshew pass short left to D.Smith to DAL 30 for 4 yards (N.Wright)."
4950980,59072,2,"00:47","DAL",17,"PHI",17,4,6,0,NA,NA,0,0,NA,4950974,NA,77,1.9,2.8,NA,NA,2,"","","FIELD GOAL","KICKOFF - TB","SD","L","PD","","","","","","C","O","INCOMPLETE","6R","6","12","","","L","","P","","",9,0,"1; DAL 25",NA,4950985,1,3,"11","10","Shotgun","","STANDARD DROP",0,0,0,6,"4 Sim","1","Man",1,"Man Simulated","Man Simulated","3 2 6","DAL",0.523,1,0.561,0.579,"P",3.64094320738553,2,6,30,"(:47) (Shotgun) G.Minshew pass incomplete short left to Q.Watkins (N.Wright)."
4950985,59072,2,"00:41","DAL",17,"PHI",17,4,7,6,6,NA,0,0,NA,4950980,NA,78,NA,1.8,0,0,2,"PHI 06","","FIELD GOAL","KICKOFF - TB","SD","L","","","","","","","C","C","COMPLETE","4R","16","6","","","R","","P","","",4,0,"",1,4950988,1,3,"11","10","Shotgun","","QUICK GAME",0,0,0,6,"5+","1","Man",1,"Man Pressure","Man Pressure","3 2 6","DAL",0.55,1,0.561,0.579,"P",2.81660445414886,3,6,30,"(:41) (Shotgun) G.Minshew pass short left to D.Smith to DAL 24 for 6 yards (N.Wright)."
4950988,59072,2,"00:25","DAL",17,"PHI",17,4,8,-5,NA,NA,1,1,-5,4950985,NA,79,NA,NA,NA,NA,2,"","PHI 06; PHI 11; PHI 16; PHI 88","FIELD GOAL","KICKOFF - TB","","L","","","","","","","","","","","","","","","","","X","","",31,0,"",NA,4950992,1,3,"11","10","UC","","OTHER",0,0,0,6,NA,"Other","Other",NA,"Other","Other","3 2 6","DAL",0.498,1,0.546,0.582,"X",4.4926670692956,1,10,24,"(:25) (No Huddle) PENALTY on PHI-D.Goedert, False Start, 5 yards, enforced at DAL 24 - No Play."
4950992,59072,2,"00:25","DAL",17,"PHI",17,4,9,0,NA,NA,0,0,NA,4950988,NA,80,2.2,3.5,NA,NA,2,"","PHI 11; PHI 88","FIELD GOAL","KICKOFF - TB","SD","L","TA","","","","","","O","C","THROWN AWAY","","","0","","","","","P","","",9,0,"",NA,4950994,0,3,"11","10","Shotgun","","STANDARD DROP",0,0,0,6,"4 Sim","2Z","Zone",2,"Zone Simulated","2 Zone Simulated","3 2 6","DAL",0.516,1,0.557,0.613,"P",3.84619717720185,1,15,29,"(:25) (Shotgun) G.Minshew pass incomplete short left."
4950994,59072,2,"00:20","DAL",17,"PHI",17,4,10,0,NA,NA,0,0,NA,4950992,NA,81,2.4,2.5,NA,NA,2,"","PHI 06; PHI 88","FIELD GOAL","KICKOFF - TB","SD","L","TA","","","","","","O","C","THROWN AWAY","","","0","","","","","P","","",4,0,"",NA,4950996,0,3,"11","10","Shotgun","","STANDARD DROP",0,0,0,6,"4 Sim","2Z","Zone",2,"Zone Simulated","2 Zone Simulated","3 2 6","DAL",0.537,1,0.557,0.613,"P",3.31929058703184,2,15,29,"(:20) (Shotgun) G.Minshew pass incomplete short left."
4950996,59072,2,"00:15","DAL",17,"PHI",17,4,11,0,NA,NA,0,0,NA,4950994,NA,82,1.9,2.2,NA,NA,2,"","PHI 06; PHI 88","FIELD GOAL","KICKOFF - TB","SD","L","TA","","","","","","C","O","THROWN AWAY","","","0","","","","","P","","",4,0,"",NA,4950998,0,3,"11","10","Shotgun","","STANDARD DROP",0,0,0,6,"4 Sim","3","Zone",1,"Zone Simulated","1 Zone Simulated","3 2 6","DAL",0.564,1,0.557,0.613,"P",2.59386742631707,3,15,29,"(:15) (Shotgun) G.Minshew pass incomplete short left."
4950998,59072,2,"00:11","DAL",17,"PHI",17,NA,NA,0,47,47,0,0,0,4950996,NA,83,NA,NA,NA,NA,0,"","","","","","L","","","","PHI 04","MADE - IL","","","","","","","","","","","","","FIELD GOAL","",10,0,"",NA,4951003,0,3,NA,NA,NA,NA,NA,NA,NA,NA,NA,NA,NA,NA,NA,NA,NA,NA,"DAL",0.557,1,0.557,0.613,"Field Goal",1.3526254494903,4,15,29,"(:11) J.Elliott 47 yard field goal is GOOD, Center-R.Lovato, Holder-B.Kern.
Penalty on DAL-C.Goodwin, Defensive Offside, declined."
4951003,59072,2,"00:06","PHI",20,"DAL",17,NA,NA,40,75,75,0,0,NA,4950998,NA,84,NA,NA,NA,NA,0,"","","","","","C","","","74","PHI 04","TOUCHBACK","28","","","","","","","","","","DAL 09","","KICKOFF","",NA,0,"",NA,4951006,3,0,NA,NA,NA,NA,NA,NA,NA,NA,NA,NA,NA,NA,NA,NA,NA,NA,"DAL",0.522,0.517,0.625,0.444,"Kickoff",1.02787229920246,0,0,65,"J.Elliott kicks 65 yards from PHI 35 to end zone, Touchback."
4951006,59072,2,"00:06","PHI",20,"DAL",17,5,1,-1,-1,NA,0,0,NA,4951003,NA,85,NA,NA,NA,0,0,"DAL 04","","END OF HALF","KICKOFF - TB","","R","","","","","","","","","","","","","QB KNEEL","QB KNEEL","U","","R","","",NA,0,"",NA,4951008,3,0,NA,NA,NA,NA,NA,NA,NA,NA,NA,NA,NA,NA,NA,NA,NA,NA,"DAL",0.522,0.463,0.362,0.43,"R",0.977105090910883,1,10,75,"(:06) D.Prescott kneels to DAL 24 for -1 yards."
4951008,59072,3,"15:00","PHI",20,"DAL",17,NA,NA,51,71,71,0,0,10,4951006,30,86,NA,NA,NA,NA,0,"DAL 09","","","","","C","","","71","PHI 04","RETURNED","31","","","","","","","","","","DAL 09","","KICKOFF","",NA,0,"",NA,4951018,3,3,NA,NA,NA,NA,NA,NA,NA,NA,NA,NA,NA,NA,NA,NA,NA,NA,"DAL",0.522,0.519,0.625,0.446,"Kickoff",1.02787229920246,0,0,65,"J.Elliott kicks 72 yards from PHI 35 to DAL -7. K.Turpin to DAL 49 for 56 yards (M.Epps).
PENALTY on DAL-N.Wright, Offensive Holding, 10 yards, enforced at DAL 24."
4951018,59072,3,"14:53","PHI",20,"DAL",17,6,1,6,6,NA,0,0,NA,4951008,NA,87,2.2,2.3,1,0,0,"DAL 20","","PUNT","KICKOFF - RETURN","SD","R","","","","","","","C","C","COMPLETE","H6","32","5","","","","","P","","",15,0,"",NA,4951025,3,3,"11","11","Shotgun","","QUICK GAME",1,0,0,5,"4","3","Zone",1,"Zone","1 Zone","5 1 5","DAL",0.499,0.446,0.337,0.409,"P",0.253659735965641,1,10,86,"(14:53) (Shotgun) D.Prescott pass short right to T.Pollard to DAL 20 for 6 yards (M.Epps; T.Edwards)."
4951025,59072,3,"14:20","PHI",20,"DAL",17,6,2,0,0,NA,0,0,NA,4951018,NA,88,NA,NA,NA,5,0,"DAL 20","","PUNT","KICKOFF - RETURN","","R","","","","","","","O","O","","","","","RE","RG","R","","R","","",12,0,"",NA,4951028,3,3,"11","11","UC","OUTSIDE ZONE","OUTSIDE ZONE",1,0,0,5,NA,"4","Zone",2,"Zone","2 Zone","5 1 5","DAL",0.506,0.453,0.353,0.437,"R",0.574411164428786,2,4,80,"(14:20) T.Pollard right end pushed ob at DAL 20 for no gain (L.Joseph)."
4951028,59072,3,"13:49","PHI",20,"DAL",17,6,3,0,NA,NA,0,0,NA,4951025,NA,89,NA,2.3,NA,NA,0,"","DAL 85; DAL 86","PUNT","KICKOFF - RETURN","SD","R","DP","","","","","","C","O","INCOMPLETE","6R","50","8","","","","","P","","",12,0,"1; PHI 24",NA,4951029,3,3,"11","10","Shotgun","","STANDARD DROP",0,1,0,6,"4 Sim","1","Man",1,"Man Simulated","Man Simulated","4 1 6","DAL",0.477,0.45,0.353,0.436,"P",-0.276799688751103,3,4,80,"(13:49) (Shotgun) D.Prescott pass incomplete short right to M.Gallup."
4951029,59072,3,"13:45","PHI",20,"DAL",17,NA,NA,57,57,57,0,0,NA,4951028,NA,90,NA,NA,NA,NA,0,"","","","","","R","","","57","DAL 05","FAIR CATCH","41","","","","","","","","","","PHI 18","","PUNT","",10,0,"",NA,4951031,3,3,NA,NA,NA,NA,NA,NA,NA,NA,NA,NA,NA,NA,NA,NA,NA,NA,"DAL",0.45,0.45,0.353,0.436,"Punt",-1.80937638935427,4,4,80,"(13:45) B.Anger punts 57 yards to PHI 23, Center-M.Overton, fair catch by B.Covey."
4951031,59072,3,"13:37","DAL",17,"PHI",20,5,1,22,22,NA,0,0,NA,4951029,NA,91,2.6,2.7,2,2,0,"PHI 88","","TOUCHDOWN","PUNT - FC","SD","L","","","","","","","C","C","COMPLETE","XR","10","20","","","L","","P","","",8,0,"1; DAL 06",1,4951034,3,3,"12","11","UC","UNDEFINED","PLAY ACTION",1,0,0,5,"5+","3","Zone",1,"Zone Pressure","1 Zone Pressure","3 3 5","DAL",0.471,0.537,0.649,0.575,"P",0.920336665075277,1,10,77,"(13:37) G.Minshew pass deep left to D.Goedert to PHI 45 for 22 yards (D.Wilson)."
4951034,59072,3,"13:06","DAL",17,"PHI",20,5,2,1,1,NA,1,0,NA,4951031,NA,92,NA,NA,NA,0,0,"PHI 26","","TOUCHDOWN","PUNT - FC","","L","","","","","","","O","C","","","","","RE","RE","L","","R","","",18,1,"",NA,4951038,3,3,"12","12","Shotgun","INSIDE ZONE","INSIDE ZONE RPO",1,0,0,5,NA,"2Z","Zone",2,"Zone","2 Zone","3 3 5","DAL",0.43,0.499,0.601,0.529,"R",2.42794319803527,1,10,55,"(13:06) (No Huddle, Shotgun) M.Sanders left tackle to PHI 46 for 1 yard (A.Barr; J.Kearse)."
4951038,59072,3,"12:29","DAL",17,"PHI",20,5,3,0,NA,NA,0,0,NA,4951034,NA,93,1.7,1.8,NA,NA,0,"","","TOUCHDOWN","PUNT - FC","SD","L","MC","","","","","","O","C","INCOMPLETE","6R","2","5","","","L","","P","","",8,1,"",NA,4951041,3,3,"11","11","Shotgun","DRAW","DRAW RPO",1,0,0,5,"4 Sim","2Z","Zone",2,"Zone Simulated","2 Zone Simulated","4 2 5","DAL",0.445,0.495,0.598,0.521,"P",1.97211165798897,2,9,54,"(12:29) (Shotgun) G.Minshew pass incomplete short left to D.Smith."
4951041,59072,3,"12:24","DAL",17,"PHI",20,5,4,20,20,NA,0,0,NA,4951038,NA,94,2.8,2.9,20,5,0,"PHI 14","","TOUCHDOWN","PUNT - FC","SD","L","","","","","","","C","C","COMPLETE","H4","38","0","","","","","P","","",4,0,"",1,4951049,3,3,"11","11","Shotgun","","STANDARD DROP",0,1,0,6,"4 Sim","3","Zone",1,"Zone Simulated","1 Zone Simulated","3 2 6","DAL",0.472,0.495,0.598,0.521,"P",1.13375532157291,3,9,54,"(12:24) (Shotgun) G.Minshew pass short right to K.Gainwell pushed ob at DAL 34 for 20 yards (D.Wilson)."
4951049,59072,3,"12:04","DAL",17,"PHI",20,5,5,1,1,NA,1,0,NA,4951041,NA,95,2.2,5.3,NA,1,0,"PHI 10","","TOUCHDOWN","PUNT - FC","SR","R","","","","","","","O","C","RUN","","","0","QB SCRAMBLE","QB SCRAMBLE","R","","P","","",8,0,"",NA,4951053,3,3,"11","11","Shotgun","POWER","PLAY ACTION",1,0,0,5,"4 Sim","2Z","Zone",2,"Zone Simulated","2 Zone Simulated","3 3 5","DAL",0.389,0.49,0.476,0.482,"P",3.74958640019776,1,10,34,"(12:04) (No Huddle, Shotgun) G.Minshew scrambles right end pushed ob at DAL 33 for 1 yard (D.Lawrence)."
4951053,59072,3,"11:22","DAL",17,"PHI",20,5,6,12,12,NA,0,0,NA,4951049,NA,96,NA,1.9,3,3,0,"PHI 11","","TOUCHDOWN","PUNT - FC","SD","R","","","","","","","C","C","COMPLETE","2R","25","9","","","","","P","","",3,1,"1; DAL 36",1,4951061,3,3,"11","11","Shotgun","PIN PULL","PIN PULL RPO",1,0,0,5,"4 Sim","1","Man",1,"Man Simulated","Man Simulated","3 3 5","DAL",0.403,0.489,0.466,0.473,"P",3.29052991502353,2,9,33,"(11:22) (Shotgun) G.Minshew pass short middle to A.Brown to DAL 21 for 12 yards (M.Alexander)."
4951061,59072,3,"10:43","DAL",17,"PHI",20,5,7,4,4,NA,0,0,NA,4951053,NA,97,NA,NA,NA,2,0,"PHI 26","","TOUCHDOWN","PUNT - FC","","C","","","","","","","C","C","","","","","ML","ML","L","","R","","",7,1,"",NA,4951064,3,3,"11","11","Shotgun","INSIDE ZONE","INSIDE ZONE RPO",1,0,0,5,NA,"1","Man",1,"Man","Man","3 3 5","DAL",0.359,1,0.428,0.449,"R",4.52316000306223,1,10,21,"(10:43) (Shotgun) M.Sanders left tackle to DAL 17 for 4 yards (A.Barr; Q.Bohanna)."
4951064,59072,3,"10:15","DAL",17,"PHI",20,5,8,4,4,NA,1,0,NA,4951061,NA,98,NA,NA,NA,5,0,"PHI 26","","TOUCHDOWN","PUNT - FC","","L","","","","","","","C","O","","","","","MR","MR","R","","R","","",21,1,"",NA,4951067,3,3,"11","11","Shotgun","INSIDE ZONE READ","INSIDE ZONE READ RPO",0,0,1,5,NA,"3","Zone",1,"Zone","1 Zone","3 3 5","DAL",0.361,1,0.418,0.418,"R",4.44051664057768,2,6,17,"(10:15) (No Huddle, Shotgun) M.Sanders right guard to DAL 13 for 4 yards (D.Armstrong; N.Gallimore)."
4951067,59072,3,"09:50","DAL",17,"PHI",20,5,9,-1,-1,NA,1,0,NA,4951064,NA,99,NA,NA,NA,2,0,"PHI 26","PHI 11; PHI 16","TOUCHDOWN","PUNT - FC","","R","","","","","","","O","O","","","","","RE","MR","R","","R","","",22,0,"",NA,4951072,3,3,"11","11","Shotgun","INSIDE ZONE READ","INSIDE ZONE READ",0,0,1,5,NA,"0","Man",0,"Zero","Zero","3 3 5","DAL",0.358,1,0.411,0.375,"R",4.4234446344112,3,2,13,"(9:50) (No Huddle, Shotgun) M.Sanders right end to DAL 14 for -1 yards (N.Wright)."
4951072,59072,3,"09:05","DAL",17,"PHI",20,5,10,14,14,NA,0,0,NA,4951067,NA,100,2.2,2.6,0,0,0,"PHI 06","PHI 03; PHI 06","TOUCHDOWN","PUNT - FC","RL","R","","","","","","","O","O","COMPLETE","7R","10","17","","","","","P","","PHI 06",3,1,"",1,4951075,3,3,"12","12","Shotgun","INSIDE ZONE","INSIDE ZONE RPO",0,0,1,5,"4 Sim","0","Man",0,"Man Simulated","Man Simulated","3 3 5","DAL",0.384,1,0.408,0.384,"P",2.9406931353399,4,3,14,"(9:05) (Shotgun) G.Minshew pass short left to D.Smith for 14 yards, TOUCHDOWN."
4951075,59072,3,"09:00","DAL",17,"PHI",26,NA,NA,0,NA,NA,0,0,NA,4951072,NA,101,NA,NA,NA,NA,0,"","","","","","C","","","","PHI 04","MADE - IL","","","","","","","","","","","","","EXTRA POINT","",NA,0,"",NA,4951077,3,3,NA,NA,NA,NA,NA,NA,NA,NA,NA,NA,NA,NA,NA,NA,NA,NA,"DAL",0.26286,1,0.201,0.175,"Extra Point",0.936890574214518,0,0,15,"J.Elliott extra point is GOOD, Center-R.Lovato, Holder-B.Kern."
4951077,59072,3,"09:00","PHI",27,"DAL",17,NA,NA,40,72,72,0,0,NA,4951075,NA,102,NA,NA,NA,NA,0,"","","","","","C","","","72","PHI 04","TOUCHBACK","31","","","","","","","","","","DAL 09","","KICKOFF","",NA,0,"",NA,4951084,3,3,NA,NA,NA,NA,NA,NA,NA,NA,NA,NA,NA,NA,NA,NA,NA,NA,"DAL",0.261,0.257,0.371,0.205,"Kickoff",1.02787229920246,0,0,65,"J.Elliott kicks 65 yards from PHI 35 to end zone, Touchback."
4951084,59072,3,"09:00","PHI",27,"DAL",17,7,1,7,7,NA,0,0,NA,4951077,NA,103,NA,NA,NA,5,0,"DAL 21","","FIELD GOAL","KICKOFF - TB","","R","","","","","","","C","C","","","","","RE","RE","R","","R","","",10,0,"",NA,4951089,3,3,"12","12","Shotgun","POWER","POWER",1,0,0,4,NA,"3","Zone",1,"Zone Pressure","1 Zone Pressure","5 2 4","DAL",0.261,0.206,0.156,0.203,"R",0.977105090910883,1,10,75,"(9:00) (Shotgun) E.Elliott right tackle to DAL 32 for 7 yards (J.Hargrave)."
4951089,59072,3,"08:27","PHI",27,"DAL",17,7,2,1,1,NA,0,0,NA,4951084,NA,104,NA,NA,NA,5,0,"DAL 21","DAL 13; DAL 85; DAL 86; DAL 88","FIELD GOAL","KICKOFF - TB","","R","","","","","","","O","C","","","","","LT","LT","L","","R","","",13,1,"",NA,4951092,3,3,"11","10","Pistol","COUNTER READ","COUNTER READ RPO",1,0,0,5,NA,"2Z","Zone",2,"Zone","2 Zone","5 1 5","DAL",0.272,0.208,0.159,0.226,"R",1.49379055022634,2,3,68,"(8:27) (Shotgun) E.Elliott up the middle to DAL 33 for 1 yard (H.Reddick)."
4951092,59072,3,"08:08","PHI",27,"DAL",17,7,3,1,1,NA,1,0,NA,4951089,NA,105,NA,NA,NA,1,0,"DAL 21","","FIELD GOAL","KICKOFF - TB","","C","","","","","","","C","C","","","","","RG","MR","L","","R","","",27,1,"",NA,4951094,3,3,"11","11","Shotgun","INSIDE ZONE READ","INSIDE ZONE READ RPO",0,1,0,5,NA,"1","Man",1,"Man Pressure","Man Pressure","5 1 5","DAL",0.255,0.207,0.157,0.232,"R",1.00119187008732,3,2,67,"(8:08) (No Huddle, Shotgun) E.Elliott up the middle to DAL 34 for 1 yard (F.Cox)."
4951094,59072,3,"07:25","PHI",27,"DAL",17,7,4,22,22,NA,0,0,NA,4951092,NA,106,NA,NA,NA,0,0,"DAL 21","","FIELD GOAL","KICKOFF - TB","","C","","","","","","","O","O","","","","","RE","RE","R","","R","","",6,0,"",1,4951097,3,3,"13","22","UC","PIN PULL","PIN PULL",0,1,0,4,NA,"4","Zone",2,"Zone","2 Zone","5 2 4","DAL",0.244,0.203,0.154,0.244,"R",-0.350071718986647,4,1,66,"(7:25) E.Elliott right end ran ob at PHI 44 for 22 yards (M.Epps)."
4951097,59072,3,"06:56","PHI",27,"DAL",17,7,5,13,13,NA,0,0,NA,4951094,NA,107,NA,3.8,9,2,0,"DAL 20","DAL 13; DAL 88","FIELD GOAL","KICKOFF - TB","SD","R","","","","","","","O","O","COMPLETE","H5","8","4","","","","","P","","",12,0,"",1,4951099,3,3,"12","12","Pistol","UNDEFINED","PLAY ACTION",1,0,0,4,"4","6","Zone",2,"Zone","2 Zone","5 2 4","DAL",0.317,0.212,0.171,0.232,"P",2.89572113430796,1,10,44,"(6:56) (Shotgun) D.Prescott pass short left to T.Pollard to PHI 31 for 13 yards (T.Edwards; D.Slay)."
4951099,59072,3,"06:14","PHI",27,"DAL",17,7,6,5,5,NA,0,0,NA,4951097,NA,108,NA,NA,NA,4,0,"DAL 20","DAL 85; DAL 88","FIELD GOAL","KICKOFF - TB","","L","","","","","","","C","O","","","","","RE","RE","R","","R","","",9,0,"",NA,4951102,3,3,"11","11","Shotgun","DUO","DUO",1,0,0,5,NA,"3","Zone",1,"Zone Pressure","1 Zone Pressure","4 2 5","DAL",0.344,0,0.244,0.245,"R",3.94454585387526,1,10,31,"(6:14) (Shotgun) T.Pollard right guard to PHI 26 for 5 yards (T.Edwards)."
4951102,59072,3,"05:39","PHI",27,"DAL",17,7,7,0,0,NA,0,0,NA,4951099,NA,109,NA,NA,NA,1,0,"DAL 20","DAL 85; DAL 88","FIELD GOAL","KICKOFF - TB","","C","","","","","","","C","C","","","","","LT","LT","L","","R","","",12,0,"",NA,4951104,3,3,"11","11","UC","DUO","DUO",1,0,0,5,NA,"1","Man",1,"Man","Man","4 2 5","DAL",0.343,0,0.25,0.277,"R",4.07030541503789,2,5,26,"(5:39) T.Pollard left guard to PHI 26 for no gain (M.Williams)."
4951104,59072,3,"05:12","PHI",27,"DAL",17,7,8,0,NA,NA,1,0,NA,4951102,NA,110,2.4,3.6,NA,NA,0,"","","FIELD GOAL","KICKOFF - TB","SD","L","IF","","","","","","C","O","INCOMPLETE","SA","52","19","","","","","P","","",18,0,"",NA,4951106,3,3,"11","00","Empty","","STANDARD DROP",0,1,0,6,"4","1","Man",1,"Man","Man","4 1 6","DAL",0.313,0,0.247,0.274,"P",3.32903797833338,3,5,26,"(5:12) (No Huddle, Shotgun) D.Prescott pass incomplete deep right to T.Pollard."
4951106,59072,3,"05:05","PHI",27,"DAL",17,NA,NA,0,44,44,1,0,NA,4951104,NA,111,NA,NA,NA,NA,0,"","","","","","L","","","","DAL 19","MADE - IL","","","","","","","","","","","","","FIELD GOAL","",11,0,"",NA,4951110,3,3,NA,NA,NA,NA,NA,NA,NA,NA,NA,NA,NA,NA,NA,NA,NA,NA,"DAL",0.246,0,0.246,0.273,"Field Goal",1.71678677657362,4,5,26,"(5:05) B.Maher 44 yard field goal is GOOD, Center-M.Overton, Holder-B.Anger."
4951110,59072,3,"05:01","DAL",20,"PHI",27,NA,NA,40,70,70,0,0,NA,4951106,NA,112,NA,NA,NA,NA,0,"","","","","","C","","","70","DAL 19","TOUCHBACK","13","","","","","","","","","","PHI 35","","KICKOFF","",NA,0,"",NA,4951115,3,3,NA,NA,NA,NA,NA,NA,NA,NA,NA,NA,NA,NA,NA,NA,NA,NA,"DAL",0.265,0.268,0.2,0.371,"Kickoff",1.02787229920246,0,0,65,"B.Maher kicks 65 yards from DAL 35 to end zone, Touchback."
4951115,59072,3,"05:01","DAL",20,"PHI",27,6,1,9,9,NA,0,0,NA,4951110,NA,113,NA,NA,NA,10,0,"PHI 26","","FUMBLE","KICKOFF - TB","","C","","","","","","","C","C","","","","","RE","ML","R","","R","","",4,0,"",NA,4951120,3,3,"11","11","Shotgun","INSIDE ZONE READ","INSIDE ZONE READ",1,0,0,5,NA,"1","Man",1,"Man","Man","3 3 5","DAL",0.265,0.36,0.498,0.407,"R",0.977105090910883,1,10,75,"(5:01) (Shotgun) M.Sanders right end to PHI 34 for 9 yards (L.Gifford)."
4951120,59072,3,"04:20","DAL",20,"PHI",27,6,2,6,NA,NA,0,1,6,4951115,NA,114,NA,3.3,NA,NA,0,"","","FUMBLE","KICKOFF - TB","SD","R","IF","","","","","","C","C","INCOMPLETE","XR","35","-1","","","","","P","","",6,0,"1; DAL 07",1,4951128,3,3,"12","12","Shotgun","","STANDARD DROP",1,0,0,5,"4 Sim","1","Man",1,"Man Simulated","Man Simulated","3 3 5","DAL",0.232,0.336,0.469,0.299,"P",2.087033251465,2,1,66,"(4:20) (Shotgun) G.Minshew pass incomplete short right to A.Brown.
PENALTY on DAL-D.Bland, Defensive Holding, 6 yards, enforced at PHI 34 - No Play."
4951128,59072,3,"04:15","DAL",20,"PHI",27,6,3,-9,0,NA,0,0,NA,4951120,NA,115,NA,NA,NA,0,0,"PHI 10","","FUMBLE","KICKOFF - TB","","R","","","","","","","O","C","","","","","QB FUMBLE","QB FUMBLE","R","","R","","",5,1,"",NA,4951135,3,3,"11","11","Shotgun","INSIDE ZONE","INSIDE ZONE RPO",1,0,0,5,NA,"2Z","Zone",2,"Zone","2 Zone","3 3 5","DAL",0.237,0.325,0.452,0.366,"R",2.14994536053658,1,10,60,"(4:15) (Shotgun) G.Minshew FUMBLES (Aborted) at PHI 36, RECOVERED by DAL-J.Kearse at PHI 37. J.Kearse to PHI 31 for 6 yards (G.Minshew)."
4951135,59072,3,"04:11","PHI",27,"DAL",20,8,1,1,1,NA,0,0,NA,4951128,NA,116,NA,NA,NA,1,0,"DAL 20","DAL 13; DAL 85","TOUCHDOWN","FUMBLE","","L","","","","","","","O","O","","","","","LE","LE","L","","R","","",9,0,"",NA,4951139,3,3,"11","11","Shotgun","COUNTER","COUNTER",1,0,0,5,NA,"6","Zone",2,"Zone","2 Zone","5 1 5","DAL",0.458,0,0.346,0.325,"R",3.94454585387526,1,10,31,"(4:11) (Shotgun) T.Pollard left tackle to PHI 30 for 1 yard (T.Edwards)."
4951139,59072,3,"03:40","PHI",27,"DAL",20,8,2,21,21,NA,0,0,NA,4951135,NA,117,NA,2.8,6,2,0,"DAL 86","DAL 13; DAL 88","TOUCHDOWN","FUMBLE","SD","L","","","","","","","C","C","COMPLETE","XR","15","15","","","","","P","","",NA,0,"",1,4951144,3,3,"11","00","Empty","","STANDARD DROP",1,0,0,5,"4","1","Man",1,"Man","Man","4 2 5","DAL",0.436,0,0.347,0.331,"P",3.63020299717774,2,9,30,"(3:40) (Shotgun) D.Prescott pass short middle to D.Schultz to PHI 9 for 21 yards (R.Blankenship; T.Edwards)."
4951144,59072,3,"03:03","PHI",27,"DAL",20,8,3,0,NA,NA,0,0,NA,4951139,NA,118,3,3.1,NA,NA,0,"","DAL 13; DAL 85","TOUCHDOWN","FUMBLE","SD","L","PD","","","","","","C","C","INCOMPLETE","XR","40","14","","","L","","P","","",11,0,"1; PHI 33",NA,4951147,3,3,"11","11","UC","DUO","PLAY ACTION",0,0,1,5,"4","RedZone","Other",NA,"Other","Other","4 2 5","DAL",0.517,0,0.383,0.313,"P",5.30620591146916,1,9,9,"(3:03) D.Prescott pass incomplete short right to C.Lamb (J.Scott)."
4951147,59072,3,"02:57","PHI",27,"DAL",20,8,4,-3,-3,NA,0,0,NA,4951144,NA,119,2.4,3.6,NA,NA,0,"DAL 04","","TOUCHDOWN","FUMBLE","SR","L","","","","","","","O","O","SACK","","","0","","","","","P","","",2,0,"",NA,4951150,3,3,"11","10","Shotgun","","STANDARD DROP",0,0,1,5,"4","RedZone","Other",NA,"Other","Other","4 2 5","DAL",0.492,0,0.383,0.313,"P",4.83797267438741,2,9,9,"(2:57) (Shotgun) D.Prescott sacked at PHI 12 for -3 yards (sack split by B.Graham and N.Suh)."
4951150,59072,3,"02:19","PHI",27,"DAL",20,8,5,12,12,NA,0,0,NA,4951147,NA,120,2.6,4.9,0,0,0,"DAL 13","","TOUCHDOWN","FUMBLE","SR","R","","","","","","","O","O","COMPLETE","SA","52","14","","","","","P","","DAL 13",10,0,"1; PHI 22",1,4951156,3,3,"11","00","Empty","","STANDARD DROP",0,0,1,5,"4","RedZone","Other",NA,"Other","Other","4 2 5","DAL",0.443,0,0.376,0.292,"P",3.31558664957048,3,12,12,"(2:19) (Shotgun) D.Prescott pass short right to M.Gallup for 12 yards, TOUCHDOWN."
4951156,59072,3,"02:12","PHI",27,"DAL",26,NA,NA,0,NA,NA,0,0,NA,4951150,NA,121,NA,NA,NA,NA,0,"","","","","","L","","","","DAL 19","MADE - M","","","","","","","","","","","","","EXTRA POINT","",NA,0,"",NA,4951158,3,3,NA,NA,NA,NA,NA,NA,NA,NA,NA,NA,NA,NA,NA,NA,NA,NA,"DAL",0.56532,0,0.656,0.724,"Extra Point",0.936890574214518,0,0,15,"B.Maher extra point is GOOD, Center-M.Overton, Holder-B.Anger."
4951158,59072,3,"02:12","DAL",27,"PHI",27,NA,NA,40,75,75,0,0,NA,4951156,NA,122,NA,NA,NA,NA,0,"","","","","","C","","","70","DAL 19","TOUCHBACK","18","","","","","","","","","","PHI 35","","KICKOFF","",NA,0,"",NA,4951165,3,3,NA,NA,NA,NA,NA,NA,NA,NA,NA,NA,NA,NA,NA,NA,NA,NA,"DAL",0.57,0.574,0.45,0.648,"Kickoff",1.02787229920246,0,0,65,"B.Maher kicks 65 yards from DAL 35 to end zone, Touchback."
4951165,59072,3,"02:12","DAL",27,"PHI",27,7,1,5,5,NA,0,0,NA,4951158,NA,123,NA,NA,NA,5,0,"PHI 26","","TOUCHDOWN","KICKOFF - TB","","L","","","","","","","C","C","","","","","LE","LE","L","","R","","",7,0,"",NA,4951168,3,3,"13","13","Shotgun","COUNTER","COUNTER",1,0,0,5,NA,"3","Zone",1,"Zone","1 Zone","3 3 5","DAL",0.57,0.637,0.754,0.676,"R",0.977105090910883,1,10,75,"(2:12) (Shotgun) M.Sanders left end to PHI 30 for 5 yards (I.Mukuamu)."
4951168,59072,3,"01:28","DAL",27,"PHI",27,7,2,3,3,NA,0,0,NA,4951165,NA,124,NA,NA,NA,3,0,"PHI 26","","TOUCHDOWN","KICKOFF - TB","","L","","","","","","","O","C","","","","","ML","ML","R","","R","","",3,0,"",NA,4951171,3,3,"11","11","Shotgun","INSIDE ZONE","INSIDE ZONE",1,0,0,5,NA,"2Z","Zone",2,"Zone","2 Zone","3 3 5","DAL",0.568,0.626,0.745,0.642,"R",1.16598592908848,2,5,70,"(1:28) (Shotgun) M.Sanders right guard to PHI 33 for 3 yards (M.Parsons)."
4951171,59072,3,"01:01","DAL",27,"PHI",27,7,3,2,2,NA,1,0,NA,4951168,NA,125,NA,NA,NA,1,0,"PHI 26","PHI 11; PHI 16","TOUCHDOWN","KICKOFF - TB","","C","","","","","","","C","C","","","","","MR","MR","R","","R","","",20,0,"",1,4951175,3,3,"11","11","Shotgun","INSIDE ZONE","INSIDE ZONE",0,1,0,5,NA,"3","Zone",1,"Zone Pressure","1 Zone Pressure","3 3 5","DAL",0.574,0.619,0.74,0.61,"R",1.00119187008732,3,2,67,"(1:01) (No Huddle, Shotgun) M.Sanders right guard to PHI 35 for 2 yards (N.Gallimore)."
4951175,59072,3,"00:22","DAL",27,"PHI",27,7,4,16,16,NA,0,0,NA,4951171,NA,126,NA,2.7,1,1,0,"PHI 06","","TOUCHDOWN","KICKOFF - TB","SD","R","","","","","","","C","C","COMPLETE","XR","43","15","","","R","","P","","",6,0,"2; DAL 25; DAL 26",1,4951178,3,3,"11","11","UC","UNDEFINED","PLAY ACTION",1,0,0,5,"4 Sim","1","Man",1,"Man Simulated","Man Simulated","3 3 5","DAL",0.539,0.615,0.737,0.652,"P",1.66908333715126,1,10,65,"(:22) G.Minshew pass short right to D.Smith to DAL 49 for 16 yards (D.Bland; N.Wright)."
4951178,59072,4,"15:00","DAL",27,"PHI",27,7,5,0,0,NA,0,0,NA,4951175,NA,127,NA,1.2,0,0,0,"PHI 14","","TOUCHDOWN","KICKOFF - TB","SD","R","","","","","","","C","C","COMPLETE","0R","13","0","","","","","P","","",6,0,"",NA,4951181,3,3,"11","00","Empty","","WR SCREEN",1,0,0,5,"5+","3","Zone",1,"Zone Pressure","1 Zone Pressure","4 2 5","DAL",0.494,0.59,0.7,0.612,"P",2.7286123503424,1,10,49,"(15:00) (Shotgun) G.Minshew pass short left to K.Gainwell to DAL 49 for no gain (A.Barr)."
4951181,59072,4,"14:17","DAL",27,"PHI",27,7,6,0,NA,NA,0,0,NA,4951178,NA,128,1.6,2.3,NA,NA,0,"","","TOUCHDOWN","KICKOFF - TB","SR","L","IF","","","","","","O","C","INCOMPLETE","SA","37","6","","","","","P","","",4,0,"",NA,4951184,3,3,"11","00","Empty","","STANDARD DROP",1,0,0,5,"3-","2Z","Zone",2,"Zone Drop 8","2 Zone Drop 8","4 2 5","DAL",0.517,0.589,0.701,0.611,"P",2.17597857278329,2,10,49,"(14:17) (Shotgun) G.Minshew pass incomplete short right to D.Smith."
4951184,59072,4,"14:13","DAL",27,"PHI",27,7,7,19,19,NA,0,0,NA,4951181,NA,129,1.5,4.9,3,1,0,"PHI 06","","TOUCHDOWN","KICKOFF - TB","SL","L","","","","","","","C","O","COMPLETE","SA","3","16","","","R","","P","","",4,0,"",1,4951187,3,3,"11","11","Shotgun","","STANDARD DROP",0,1,0,6,"5+","1","Man",1,"Man Pressure","Man Pressure","3 2 6","DAL",0.55,0.589,0.701,0.611,"P",1.35050670726352,3,10,49,"(14:13) (Shotgun) G.Minshew pass deep left to D.Smith pushed ob at DAL 30 for 19 yards (N.Wright)."
4951187,59072,4,"13:27","DAL",27,"PHI",27,7,8,4,4,NA,0,0,NA,4951184,NA,130,NA,NA,NA,2,0,"PHI 26","","TOUCHDOWN","KICKOFF - TB","","L","","","","","","","C","C","","","","","MR","MR","L","","R","","",1,1,"",NA,4951189,3,3,"11","11","Shotgun","INSIDE ZONE","INSIDE ZONE RPO",1,0,0,5,NA,"1","Man",1,"Man","Man","3 3 5","DAL",0.433,1,0.511,0.56,"R",4.0564816756657,1,10,30,"(13:27) (Shotgun) M.Sanders left guard to DAL 26 for 4 yards (D.Clark)."
4951189,59072,4,"12:45","DAL",27,"PHI",27,7,9,0,0,NA,0,0,NA,4951187,NA,131,NA,NA,NA,1,0,"PHI 26","","TOUCHDOWN","KICKOFF - TB","","L","","","","","","","C","C","","","","","LE","LE","L","","R","","",6,0,"",NA,4951191,3,3,"13","13","Shotgun","COUNTER","COUNTER",1,0,0,5,NA,"1","Man",1,"Man","Man","3 3 5","DAL",0.433,1,0.492,0.522,"R",3.93028348002705,2,6,26,"(12:45) (Shotgun) M.Sanders left end to DAL 26 for no gain (A.Barr)."
4951191,59072,4,"12:01","DAL",27,"PHI",27,7,10,14,14,NA,0,0,NA,4951189,NA,132,NA,1.9,3,1,0,"PHI 11","","TOUCHDOWN","KICKOFF - TB","SD","L","","PHI 11","","","","","C","C","COMPLETE","8R","21","11","","","","","P","","",2,0,"",1,4951193,3,3,"11","11","Shotgun","","QUICK GAME",0,1,0,5,"5+","3","Zone",1,"Zone Pressure","1 Zone Pressure","4 2 5","DAL",0.463,1,0.488,0.519,"P",3.18944934047356,3,6,26,"(12:01) (Shotgun) G.Minshew pass short middle to A.Brown to DAL 12 for 14 yards (M.Hooker). PHI-A.Brown was injured during the play. His return is Questionable."
4951193,59072,4,"11:28","DAL",27,"PHI",27,7,11,3,3,NA,0,0,NA,4951191,NA,133,NA,NA,NA,3,0,"PHI 26","","TOUCHDOWN","KICKOFF - TB","","L","","","","","","","O","O","","","","","MR","MR","R","","R","","",15,0,"",NA,4951197,3,3,"13","13","Shotgun","INSIDE ZONE READ","INSIDE ZONE READ",0,0,1,5,NA,"0","Man",0,"Zero","Zero","3 3 5","DAL",0.367,1,0.449,0.502,"R",5.15678882803595,1,10,12,"(11:28) (Shotgun) M.Sanders right guard to DAL 9 for 3 yards (M.Parsons)."
4951197,59072,4,"10:47","DAL",27,"PHI",27,7,12,0,0,NA,0,0,NA,4951193,NA,134,NA,NA,NA,4,0,"PHI 26","","TOUCHDOWN","KICKOFF - TB","","R","","","","","","","O","O","","","","","ML","ML","L","","R","","",5,0,"",NA,4951201,3,3,"13","13","Shotgun","INSIDE ZONE READ","INSIDE ZONE READ",0,0,1,5,NA,"0","Man",0,"Zero","Zero","3 3 5","DAL",0.371,1,0.441,0.471,"R",4.88116780176668,2,7,9,"(10:47) (Shotgun) M.Sanders left tackle to DAL 9 for no gain (A.Barr)."
4951201,59072,4,"10:03","DAL",27,"PHI",27,7,13,9,9,NA,0,0,0,4951197,NA,135,NA,1.5,2,1,0,"PHI 06","PHI 11; PHI 88","TOUCHDOWN","KICKOFF - TB","SD","L","","","","","","","O","O","COMPLETE","3R","44","7","","","","","P","","PHI 06",3,0,"",1,4951204,3,3,"11","10","Shotgun","","QUICK GAME",0,0,1,5,"5+","0","Man",0,"Zero","Zero","3 3 5","DAL",0.399,1,0.436,0.468,"P",4.05142889203824,3,7,9,"(10:03) (Shotgun) G.Minshew pass short right to D.Smith for 9 yards, TOUCHDOWN.
Penalty on DAL-J.Kearse, Defensive Holding, declined."
4951204,59072,4,"09:59","DAL",27,"PHI",33,NA,NA,0,NA,NA,0,0,NA,4951201,NA,136,NA,NA,NA,NA,0,"","","","","","C","","","","PHI 04","MADE - M","","","","","","","","","","","","","EXTRA POINT","",NA,0,"",NA,4951207,3,3,NA,NA,NA,NA,NA,NA,NA,NA,NA,NA,NA,NA,NA,NA,NA,NA,"DAL",0.2574,1,0.177,0.141,"Extra Point",0.936890574214518,0,0,15,"J.Elliott extra point is GOOD, Center-R.Lovato, Holder-B.Kern."
4951207,59072,4,"09:59","PHI",34,"DAL",27,NA,NA,40,75,75,0,0,NA,4951204,NA,137,NA,NA,NA,NA,0,"","","","","","C","","","75","PHI 04","TOUCHBACK","37","","","","","","","","","","DAL 09","","KICKOFF","",NA,0,"",NA,4951212,3,3,NA,NA,NA,NA,NA,NA,NA,NA,NA,NA,NA,NA,NA,NA,NA,NA,"DAL",0.255,0.25,0.399,0.169,"Kickoff",1.02787229920246,0,0,65,"J.Elliott kicks 65 yards from PHI 35 to end zone, Touchback."
4951212,59072,4,"09:59","PHI",34,"DAL",27,9,1,24,24,NA,0,0,NA,4951207,NA,138,2.4,2.5,25,12,0,"DAL 87","","TOUCHDOWN","KICKOFF - TB","SD","R","","","","","","","C","C","COMPLETE","1R","39","-1","","","","","P","","",9,0,"",1,4951217,3,3,"12","12","UC","OUTSIDE ZONE","PLAY ACTION",1,0,0,4,"5+","1","Man",1,"Man Pressure","Man Pressure","5 2 4","DAL",0.255,0.17,0.107,0.17,"P",0.977105090910883,1,10,75,"(9:59) D.Prescott pass short right to J.Ferguson to DAL 49 for 24 yards (J.Bradberry)."
4951217,59072,4,"09:19","PHI",34,"DAL",27,9,2,-11,-9,NA,0,0,NA,4951212,NA,139,3.2,3.2,NA,NA,0,"DAL 04","","TOUCHDOWN","KICKOFF - TB","SD","R","","","","","","","C","C","SACK","","","0","","","","","P","","",11,0,"",NA,4951223,3,3,"12","12","UC","","STANDARD DROP",1,0,0,5,"5+","3","Zone",1,"Zone Pressure","1 Zone Pressure","5 1 5","DAL",0.317,0.187,0.127,0.206,"P",2.66657061564537,1,10,51,"(9:19) D.Prescott sacked at DAL 40 for -9 yards (H.Reddick). FUMBLES (H.Reddick) [H.Reddick], recovered by DAL-T.Biadasz at DAL 38."
4951223,59072,4,"08:42","PHI",34,"DAL",27,9,3,-9,-9,NA,0,0,NA,4951217,NA,140,2.1,3.3,NA,NA,0,"DAL 04","","TOUCHDOWN","KICKOFF - TB","SR","C","","","","","","","C","C","SACK","","","0","","","","","P","","",7,0,"",NA,4951226,3,3,"11","00","Empty","","STANDARD DROP",1,0,0,5,"4","1","Man",1,"Man","Man","4 2 5","DAL",0.244,0.171,0.109,0.133,"P",0.903476710590733,2,21,62,"(8:42) (Shotgun) D.Prescott sacked at DAL 29 for -9 yards (J.Sweat)."
4951226,59072,4,"08:02","PHI",34,"DAL",27,9,4,52,52,NA,0,0,NA,4951223,NA,141,NA,3.7,1,1,0,"DAL 16","","TOUCHDOWN","KICKOFF - TB","SD","R","","","","","","","O","O","COMPLETE","9R","4","51","","","L:R","","P","","",7,0,"1; PHI 33",1,4951229,3,3,"11","20","Shotgun","","STANDARD DROP",0,1,0,6,"4","2Z","Zone",2,"Zone","2 Zone","4 1 6","DAL",0.184,0.154,0.099,0.114,"P",-1.01560650936444,3,30,71,"(8:02) (Shotgun) D.Prescott pass deep left to T.Hilton to PHI 19 for 52 yards (J.Scott)."
4951229,59072,4,"07:20","PHI",34,"DAL",27,9,5,-1,-1,NA,1,0,NA,4951226,NA,142,4.2,4.4,NA,NA,0,"DAL 04","DAL 09; DAL 13","TOUCHDOWN","KICKOFF - TB","RR","L","","","","","","","O","O","SACK","","","0","","","","","P","","",NA,0,"",NA,4951235,3,3,"11","11","UC","OUTSIDE ZONE","MOVING POCKET",0,0,1,5,"4","4","Zone",2,"Zone","2 Zone","4 2 5","DAL",0.403,0,0.277,0.246,"P",4.81586584620219,1,10,19,"(7:20) (No Huddle) D.Prescott sacked at PHI 20 for -1 yards (H.Reddick)."
4951235,59072,4,"06:38","PHI",34,"DAL",27,9,6,13,13,NA,0,0,NA,4951229,NA,143,1.7,1.9,8,5,0,"DAL 20","DAL 85; DAL 88","TOUCHDOWN","KICKOFF - TB","SD","R","","","","","","","C","O","COMPLETE","H6","33","5","","","","","P","","",4,0,"",1,4951238,3,3,"11","10","Shotgun","","QUICK GAME",0,0,1,5,"5+","3","Zone",1,"Zone Pressure","1 Zone Pressure","4 2 5","DAL",0.361,0,0.266,0.227,"P",3.72557245067098,2,11,20,"(6:38) (Shotgun) D.Prescott pass short middle to T.Pollard to PHI 7 for 13 yards (M.Epps)."
4951238,59072,4,"05:57","PHI",34,"DAL",27,9,7,0,NA,NA,0,0,NA,4951235,NA,144,NA,2.2,NA,NA,0,"","DAL 87; DAL 88; DAL 89","TOUCHDOWN","KICKOFF - TB","SD","R","RE","","","","","","C","C","INCOMPLETE","H3","19","0","","","","","P","","",5,0,"",NA,4951241,3,3,"13","11","Shotgun","","STANDARD DROP",0,0,1,4,"5+","1","Man",1,"Man Pressure","Man Pressure","5 2 4","DAL",0.438,0,0.276,0.223,"P",5.47748004706781,1,7,7,"(5:57) (Shotgun) D.Prescott pass incomplete short left to T.Pollard."
4951241,59072,4,"05:53","PHI",34,"DAL",27,9,8,7,7,NA,0,0,NA,4951238,NA,145,NA,2.3,0,0,0,"DAL 88","","TOUCHDOWN","KICKOFF - TB","SD","R","","","","","","","O","O","COMPLETE","9R","50","13","","","","","P","","DAL 88",1,0,"",1,4951243,3,3,"11","11","Shotgun","","STANDARD DROP",0,0,1,5,"4","RedZone","Other",NA,"Other","Other","5 1 5","DAL",0.408,0,0.275,0.222,"P",5.01272320814932,2,7,7,"(5:53) (Shotgun) D.Prescott pass short right to C.Lamb for 7 yards, TOUCHDOWN."
4951243,59072,4,"05:49","PHI",34,"DAL",33,NA,NA,0,NA,NA,0,0,NA,4951241,NA,146,NA,NA,NA,NA,0,"","","","","","L","","","","DAL 19","MADE - IL","","","","","","","","","","","","","EXTRA POINT","",NA,0,"",NA,4951246,3,3,NA,NA,NA,NA,NA,NA,NA,NA,NA,NA,NA,NA,NA,NA,NA,NA,"DAL",0.5207,0,0.658,0.749,"Extra Point",0.936890574214518,0,0,15,"B.Maher extra point is GOOD, Center-M.Overton, Holder-B.Anger."
4951246,59072,4,"05:49","DAL",34,"PHI",34,NA,NA,43,68,68,0,0,NA,4951243,25,147,NA,NA,NA,NA,0,"PHI 35","","","","","C","","","68","DAL 19","RETURNED","25","","","","","","","","","","PHI 35","","KICKOFF","",NA,0,"",NA,4951251,3,3,NA,NA,NA,NA,NA,NA,NA,NA,NA,NA,NA,NA,NA,NA,NA,NA,"DAL",0.527,0.533,0.353,0.651,"Kickoff",1.02787229920246,0,0,65,"B.Maher kicks 68 yards from DAL 35 to PHI -3. B.Scott to PHI 22 for 25 yards (L.Gifford)."
4951251,59072,4,"05:44","DAL",34,"PHI",34,8,1,3,3,NA,0,0,NA,4951246,NA,148,NA,NA,NA,5,0,"PHI 26","","INTERCEPTION","KICKOFF - RETURN","","R","","","","","","","C","C","","","","","RG","RG","R","","R","","",5,0,"",NA,4951254,3,3,"12","12","UC","PIN PULL","PIN PULL",1,0,0,5,NA,"1","Man",1,"Man","Man","3 3 5","DAL",0.538,0.644,0.805,0.693,"R",0.765186855807832,1,10,78,"(5:44) M.Sanders right tackle to PHI 25 for 3 yards (D.Lawrence; Q.Bohanna)."
4951254,59072,4,"05:03","DAL",34,"PHI",34,8,2,23,23,NA,0,0,NA,4951251,NA,149,NA,2.5,1,0,0,"PHI 06","","INTERCEPTION","KICKOFF - RETURN","SD","R","","","","","","","O","C","COMPLETE","9R","52","22","","","","","P","","",4,0,"",1,4951257,3,3,"11","10","Shotgun","","STANDARD DROP",1,0,0,5,"4 Sim","2Z","Zone",2,"Zone Simulated","2 Zone Simulated","3 3 5","DAL",0.547,0.636,0.802,0.672,"P",0.469628407801631,2,7,75,"(5:03) (Shotgun) G.Minshew pass deep right to D.Smith ran ob at PHI 48 for 23 yards."
4951257,59072,4,"04:57","DAL",34,"PHI",34,8,3,0,NA,NA,1,0,NA,4951254,NA,150,2.7,4.9,NA,NA,0,"","PHI 06; PHI 16","INTERCEPTION","KICKOFF - RETURN","SD","R","TA","","","","","","C","C","THROWN AWAY","","","0","","","L","","P","","",31,0,"",NA,4951261,3,3,"11","11","Shotgun","","QUICK GAME",1,0,0,5,"4 Sim","3","Zone",1,"Zone Simulated","1 Zone Simulated","3 3 5","DAL",0.431,0.575,0.736,0.607,"P",2.63997359990308,1,10,52,"(4:57) (No Huddle, Shotgun) G.Minshew to PHI 42 for -6 yards. FUMBLES, and recovers at PHI 42. G.Minshew pass incomplete short right."
4951261,59072,4,"04:51","DAL",34,"PHI",34,8,4,6,6,NA,0,0,NA,4951257,NA,151,NA,2.4,6,1,0,"PHI 26","","INTERCEPTION","KICKOFF - RETURN","SD","R","","PHI 65","","","","","O","C","COMPLETE","H7","28","0","","","L","","P","","",4,0,"",NA,4951268,3,3,"11","10","Shotgun","","STANDARD DROP",1,0,0,5,"4 Sim","2Z","Zone",2,"Zone Simulated","2 Zone Simulated","3 3 5","DAL",0.461,0.575,0.736,0.607,"P",2.07655780563688,2,10,52,"(4:51) (Shotgun) G.Minshew pass short middle to M.Sanders to DAL 46 for 6 yards (D.Bland). PHI-L.Johnson was injured during the play. His return is Questionable."
4951268,59072,4,"04:24","DAL",34,"PHI",34,8,5,0,NA,NA,0,0,NA,4951261,NA,152,NA,1.8,NA,NA,0,"","PHI 06; PHI 88","INTERCEPTION","KICKOFF - RETURN","SD","R","CP","","","","","","C","O","INTERCEPTION","2R","20","8","","","","","P","","",21,0,"1; DAL 26",NA,4951274,3,3,"11","01","Empty","","QUICK GAME",0,1,0,6,"4 Sim","1","Man",1,"Man Simulated","Man Simulated","3 2 6","DAL",0.458,0.565,0.719,0.53,"P",1.93443481022789,3,4,46,"(4:24) (Shotgun) G.Minshew pass short left intended for Q.Watkins INTERCEPTED by D.Bland at DAL 40. D.Bland to DAL 40 for no gain (Q.Watkins)."
4951274,59072,4,"04:19","PHI",34,"DAL",34,10,1,16,16,NA,0,0,NA,4951268,NA,153,NA,2,11,3,0,"DAL 86","","FIELD GOAL","INTERCEPTION","SD","C","","","","","","","C","O","COMPLETE","2R","30","5","","","","","P","","",13,0,"",1,4951278,3,3,"11","11","Shotgun","","STANDARD DROP",1,0,0,4,"5+","1","Man",1,"Man Pressure","Man Pressure","5 2 4","DAL",0.672,0.536,0.348,0.486,"P",2.14994536053658,1,10,60,"(4:19) (Shotgun) D.Prescott pass short middle to D.Schultz to PHI 44 for 16 yards (K.White)."
4951278,59072,4,"03:45","PHI",34,"DAL",34,10,2,10,10,NA,0,0,NA,4951274,NA,154,NA,1.5,3,3,0,"DAL 88","","FIELD GOAL","INTERCEPTION","SD","L","","","","","","","C","O","COMPLETE","2R","27","7","","","","","P","","",14,0,"1; PHI 33",1,4951279,3,3,"11","11","Shotgun","","QUICK GAME",1,0,0,5,"5+","1","Man",1,"Man Pressure","Man Pressure","5 1 5","DAL",0.733,0.561,0.402,0.542,"P",2.89572113430796,1,10,44,"(3:45) (Shotgun) D.Prescott pass short middle to C.Lamb to PHI 34 for 10 yards (J.Scott)."
4951279,59072,4,"03:06","PHI",34,"DAL",34,10,3,0,NA,NA,0,0,NA,4951278,NA,155,NA,2,NA,NA,0,"","DAL 13; DAL 88","FIELD GOAL","INTERCEPTION","SD","L","PD","","","","","","C","C","INCOMPLETE","4R","27","5","","","","","P","","",5,0,"1; PHI 24",NA,4951282,3,3,"11","00","Empty","","STANDARD DROP",1,0,0,5,"4","1","Man",1,"Man","Man","4 2 5","DAL",0.772,0.548,0.615,0.575,"P",3.74958640019776,1,10,34,"(3:06) (Shotgun) D.Prescott pass incomplete short middle to N.Brown (J.Bradberry)."
4951282,59072,4,"03:02","PHI",34,"DAL",34,10,4,5,5,NA,0,0,NA,4951279,NA,156,NA,1.5,6,4,0,"DAL 85","DAL 13; DAL 85; DAL 88","FIELD GOAL","INTERCEPTION","SD","L","","","","","","","O","O","COMPLETE","LS","21","-1","","","","","P","","",9,0,"",NA,4951286,3,3,"11","10","Shotgun","POWER","SHOVEL PASS",1,0,0,5,"4","6","Zone",2,"Zone","2 Zone","4 2 5","DAL",0.748,0.547,0.615,0.574,"P",3.25871344317556,2,10,34,"(3:02) (Shotgun) D.Prescott pass short middle to N.Brown to PHI 29 for 5 yards (T.Edwards)."
4951286,59072,4,"02:28","PHI",34,"DAL",34,10,5,0,NA,NA,0,0,NA,4951282,NA,157,2.5,2.6,NA,NA,0,"","DAL 13; DAL 85; DAL 88","FIELD GOAL","INTERCEPTION","SD","L","DP","","","","","","C","O","INCOMPLETE","XR","16","4","","","","","P","","",12,0,"1; PHI 42",NA,4951287,3,3,"11","10","Shotgun","","STANDARD DROP",0,1,0,6,"4","1","Man",1,"Man","Man","4 1 6","DAL",0.746,0,0.676,0.64,"P",2.95605206762685,3,5,29,"(2:28) (Shotgun) D.Prescott pass incomplete short middle to M.Gallup."
4951287,59072,4,"02:24","PHI",34,"DAL",34,NA,NA,0,48,48,0,0,NA,4951286,NA,158,NA,NA,NA,NA,0,"","","","","","L","","","","DAL 19","MADE - M","","","","","","","","","","","","","FIELD GOAL","",3,0,"",NA,4951290,3,3,NA,NA,NA,NA,NA,NA,NA,NA,NA,NA,NA,NA,NA,NA,NA,NA,"DAL",0.677,0,0.677,0.64,"Field Goal",1.33235215514275,4,5,29,"(2:24) B.Maher 48 yard field goal is GOOD, Center-M.Overton, Holder-B.Anger."
4951290,59072,4,"02:19","DAL",37,"PHI",34,NA,NA,40,74,74,0,0,NA,4951287,NA,159,NA,NA,NA,NA,0,"","","","","","C","","","73","DAL 19","TOUCHBACK","16","","","","","","","","","","PHI 35","","KICKOFF","",NA,0,"",NA,4951294,3,3,NA,NA,NA,NA,NA,NA,NA,NA,NA,NA,NA,NA,NA,NA,NA,NA,"DAL",0.76,0.765,0.572,0.847,"Kickoff",1.02787229920246,0,0,65,"B.Maher kicks 65 yards from DAL 35 to end zone, Touchback."
4951294,59072,4,"02:19","DAL",37,"PHI",34,9,1,-4,-1,NA,0,0,NA,4951290,NA,160,NA,NA,NA,2,2,"PHI 26","","FUMBLE","KICKOFF - TB","","L","","","","","","","C","O","","","","","LE","RG","R","","R","","",8,0,"",NA,4951298,3,3,"11","11","Shotgun","POWER","POWER",0,0,0,5,NA,"3","Zone",1,"Zone","1 Zone","3 3 5","DAL",0.76,0.841,0.923,0.852,"R",0.977105090910883,1,10,75,"(2:19) (Shotgun) M.Sanders up the middle to PHI 24 for -1 yards (C.Watkins). FUMBLES (C.Watkins), touched at PHI 22, RECOVERED by DAL-A.Barr at PHI 21."
4951298,59072,4,"02:07","PHI",34,"DAL",37,11,1,16,16,NA,0,0,NA,4951294,NA,161,NA,NA,NA,1,4,"DAL 04","DAL 13; DAL 85; DAL 88","FIELD GOAL","FUMBLE","","L","","","","","","","C","C","","","","","LE","LE","R","","R","","",3,0,"",1,4951302,3,3,"11","10","Shotgun","INSIDE ZONE READ","INSIDE ZONE READ",0,0,0,4,NA,"3","Zone",1,"Zone Pressure","1 Zone Pressure","5 2 4","DAL",0.92,0,0.87,0.826,"R",4.52316000306223,1,10,21,"(2:07) (Shotgun) D.Prescott left end ran ob at PHI 5 for 16 yards (R.Blankenship)."
4951302,59072,4,"02:01","PHI",34,"DAL",37,11,2,-9,-9,NA,0,0,NA,4951298,NA,162,3.2,3.9,NA,NA,4,"DAL 04","","FIELD GOAL","FUMBLE","RR","L","","","","","","","O","O","SACK","","","0","","","L","","P","","",3,0,"",NA,4951305,3,3,"13","13","UC","OUTSIDE ZONE","MOVING POCKET",0,0,0,4,"5+","0","Man",0,"Zero","Zero","5 2 4","DAL",0.941,0,0.891,0.866,"P",5.75134717726798,1,5,5,"(2:01) D.Prescott sacked at PHI 14 for -9 yards (sack split by K.White and J.Sweat)."
4951305,59072,4,"01:56","PHI",34,"DAL",37,11,3,7,7,NA,0,0,NA,4951302,NA,163,NA,NA,NA,3,4,"DAL 20","DAL 13; DAL 85","FIELD GOAL","FUMBLE","","C","","","","","","","C","O","","","","","LE","LE","L","","R","","",18,0,"",NA,4951309,3,3,"11","11","UC","PIN PULL","PIN PULL",0,0,0,5,NA,"1","Man",1,"Man","Man","4 2 5","DAL",0.919,0,0.887,0.819,"R",3.88629687091724,2,14,14,"(1:56) T.Pollard left end to PHI 7 for 7 yards (K.White; T.Edwards)."
4951309,59072,4,"01:50","PHI",34,"DAL",37,11,4,4,4,NA,0,0,NA,4951305,NA,164,2.6,4.4,NA,2,4,"DAL 04","DAL 85; DAL 86; DAL 88","FIELD GOAL","FUMBLE","SD","L","","","","","","","O","O","RUN","","","0","QB SCRAMBLE","QB SCRAMBLE","","","P","","",15,0,"",NA,4951312,3,2,"11","10","Shotgun","","STANDARD DROP",0,0,0,5,"4","RedZone","Other",NA,"Other","Other","4 2 5","DAL",0.929,0,0.897,0.855,"P",4.11454420922845,3,7,7,"(1:50) (Shotgun) D.Prescott scrambles up the middle to PHI 3 for 4 yards (T.Edwards)."
4951312,59072,4,"01:44","PHI",34,"DAL",37,11,5,-5,NA,NA,0,1,-5,4951309,NA,165,NA,NA,NA,NA,4,"","DAL 85; DAL 86","FIELD GOAL","FUMBLE","","L","","","","","","","","","","","","","","","","","X","","",0,0,"",NA,4951316,3,1,"11","10","Shotgun","","OTHER",0,0,0,5,NA,"Other","Other",NA,"Other","Other","5 1 5","DAL",0.889,0,0.904,0.889,"X",2.98421737354903,4,3,3,"(1:44) (Shotgun) PENALTY on DAL, Delay of Game, 5 yards, enforced at PHI 3 - No Play."
4951316,59072,4,"01:44","PHI",34,"DAL",37,NA,NA,0,26,26,0,0,NA,4951312,NA,166,NA,NA,NA,NA,0,"","","","","","L","","","","DAL 19","MADE - M","","","","","","","","","","","","","FIELD GOAL","",NA,0,"",NA,4951319,3,1,NA,NA,NA,NA,NA,NA,NA,NA,NA,NA,NA,NA,NA,NA,NA,NA,"DAL",0.903,0,0.903,0.855,"Field Goal",2.7505526812982,4,8,8,"(1:44) B.Maher 26 yard field goal is GOOD, Center-M.Overton, Holder-B.Anger."
4951319,59072,4,"01:41","DAL",40,"PHI",34,NA,NA,40,72,72,0,0,NA,4951316,NA,167,NA,NA,NA,NA,0,"","","","","","C","","","72","DAL 19","TOUCHBACK","10","","","","","","","","","","PHI 35","","KICKOFF","",NA,0,"",NA,4951321,1,3,NA,NA,NA,NA,NA,NA,NA,NA,NA,NA,NA,NA,NA,NA,NA,NA,"DAL",0.897,0.9,0.775,0.928,"Kickoff",1.02787229920246,0,0,65,"B.Maher kicks 65 yards from DAL 35 to end zone, Touchback."
4951321,59072,4,"01:41","DAL",40,"PHI",34,10,1,6,6,NA,0,0,NA,4951319,NA,168,2.1,4.6,1,1,2,"PHI 03","","DOWNS","KICKOFF - TB","SL","L","","","","","","","O","C","COMPLETE","XR","3","5","","","","","P","","",5,0,"",NA,4951322,1,3,"11","11","Shotgun","","STANDARD DROP",0,0,0,6,"4 Sim","2Z","Zone",2,"Zone Simulated","2 Zone Simulated","3 2 6","DAL",0.905,0.948,0.98,0.946,"P",0.977105090910883,1,10,75,"(1:41) (Shotgun) G.Minshew pass short left to Z.Pascal to PHI 31 for 6 yards (N.Wright)."
4951322,59072,4,"01:19","DAL",40,"PHI",34,10,2,15,15,NA,1,0,NA,4951321,NA,169,2,2.1,14,5,2,"PHI 14","","DOWNS","KICKOFF - TB","SD","L","","","","","","","O","O","COMPLETE","H7","24","1","","","","","P","","",26,0,"",1,4951323,1,3,"11","10","Shotgun","","STANDARD DROP",0,0,0,6,"4 Sim","2Z","Zone",2,"Zone Simulated","2 Zone Simulated","3 2 6","DAL",0.909,1,1,0.932,"P",1.26865788142237,2,4,69,"(1:19) (No Huddle, Shotgun) G.Minshew pass short middle to K.Gainwell to PHI 46 for 15 yards (D.Bland)."
4951323,59072,4,"00:59","DAL",40,"PHI",34,10,3,13,13,NA,1,0,NA,4951322,NA,170,2,4.5,0,0,2,"PHI 11","","DOWNS","KICKOFF - TB","SR","C","","","","","","","O","O","COMPLETE","SA","52","13","","","","","P","","",27,0,"",1,4951324,1,3,"11","10","Shotgun","","STANDARD DROP",0,0,0,6,"4 Sim","4","Zone",2,"Zone Simulated","2 Zone Simulated","3 2 6","DAL",0.878,1,1,0.932,"P",2.52898322786052,1,10,54,"(:59) (No Huddle, Shotgun) G.Minshew pass short right to A.Brown ran ob at DAL 41 for 13 yards."
4951324,59072,4,"00:51","DAL",40,"PHI",34,10,4,0,NA,NA,0,0,NA,4951323,NA,171,2.3,2.9,NA,NA,2,"","","DOWNS","KICKOFF - TB","SD","R","BP","","","","","","O","C","BATTED PASS","","","0","","","","","P","","",10,0,"",NA,4951325,1,2,"11","10","Shotgun","","STANDARD DROP",0,0,0,6,"4 Sim","2Z","Zone",2,"Zone Simulated","2 Zone Simulated","3 2 6","DAL",0.847,1,0.994,0.916,"P",3.09411124197168,1,10,41,"(:51) (Shotgun) G.Minshew pass incomplete short left to A.Brown (C.Golston). Pass broken up by Golston in the backfield"
4951325,59072,4,"00:48","DAL",40,"PHI",34,10,5,22,22,NA,0,0,NA,4951324,NA,172,2.2,3,3,3,2,"PHI 06","PHI 11; PHI 16","DOWNS","KICKOFF - TB","SD","R","","","","","","","O","C","COMPLETE","4R","37","19","","","","","P","","",12,0,"1; DAL 25",1,4951326,1,2,"11","10","Shotgun","","STANDARD DROP",0,0,0,6,"4 Sim","2Z","Zone",2,"Zone Simulated","2 Zone Simulated","3 2 6","DAL",0.868,1,0.994,0.917,"P",2.63121084983242,2,10,41,"(:48) (Shotgun) G.Minshew pass deep middle to D.Smith to DAL 19 for 22 yards (N.Wright)."
4951326,59072,4,"00:34","DAL",40,"PHI",34,10,6,0,NA,NA,1,0,NA,4951325,NA,173,NA,NA,NA,NA,2,"","PHI 06; PHI 88","DOWNS","KICKOFF - TB","SD","R","","","","","","","","","SPIKE","","","0","","","","","P","","",32,0,"",NA,4951327,1,2,"11","10","UC","","OTHER",0,0,0,6,"4 Sim","Other","Other",NA,"Other Simulated","Other Simulated","3 2 6","DAL",0.777,1,0.927,0.88,"P",4.81586584620219,1,10,19,"(:34) (No Huddle) G.Minshew spiked the ball to stop the clock."
4951327,59072,4,"00:33","DAL",40,"PHI",34,10,7,0,NA,NA,0,0,NA,4951326,NA,174,NA,3,NA,NA,2,"","PHI 16; PHI 88","DOWNS","KICKOFF - TB","SD","R","OT","","","","","","O","O","INCOMPLETE","7R","45","28","","","","","P","","",4,0,"1; DAL 25",NA,4951328,1,2,"11","10","Shotgun","","STANDARD DROP",0,0,0,6,"4 Sim","4","Zone",2,"Zone Simulated","2 Zone Simulated","3 2 6","DAL",0.806,1,0.927,0.88,"P",4.35805636006607,2,10,19,"(:33) (Shotgun) G.Minshew pass incomplete deep right to D.Smith (N.Wright)."
4951328,59072,4,"00:27","DAL",40,"PHI",34,10,8,0,NA,NA,0,0,NA,4951327,NA,175,2.9,6,NA,NA,2,"","","DOWNS","KICKOFF - TB","SL","R","TA","","","","","","O","O","THROWN AWAY","","","0","","","","","P","","",5,0,"",NA,4951330,1,2,"11","10","Shotgun","","STANDARD DROP",0,0,0,6,"4 Sim","4","Zone",2,"Zone Simulated","2 Zone Simulated","3 2 6","DAL",0.844,1,0.929,0.882,"P",3.62048241073998,3,10,19,"(:27) (Shotgun) G.Minshew pass incomplete short left. Heavy pressure by Parsons"
4951330,59072,4,"00:20","DAL",40,"PHI",34,10,9,0,NA,NA,0,0,NA,4951328,NA,176,2.1,3.3,NA,NA,2,"","","DOWNS","KICKOFF - TB","SD","R","OT","","","","","","C","O","INCOMPLETE","SA","49","27","","","","","P","","",20,0,"",NA,4951331,1,1,"11","10","Shotgun","","STANDARD DROP",0,0,0,6,"4 Sim","1","Man",1,"Man Simulated","Man Simulated","3 2 6","DAL",0.915,1,0.931,0.915,"P",2.42678671108326,4,10,19,"(:20) (Shotgun) G.Minshew pass incomplete deep right to A.Brown."
4951331,59072,4,"00:14","PHI",34,"DAL",40,12,1,-1,-1,NA,0,0,NA,4951330,NA,177,NA,NA,NA,0,0,"DAL 04","","END OF GAME","DOWNS","","L","","","","","","","","","","","","","QB KNEEL","QB KNEEL","U","","R","","",15,0,"",NA,NA,1,1,NA,NA,NA,NA,NA,NA,NA,NA,NA,NA,NA,NA,NA,NA,NA,NA,"DAL",1,0.995,0.767,0.862,"R",0.733248442650834,1,10,81,"(:14) D.Prescott kneels to DAL 18 for -1 yards."
