destination_city,origin_city,age,gender,type_of_travel,departure_delay_in_minutes,arrival_delay_in_minutes,flight_cancelled,flight_time_in_minutes,flight_distance,likelihood_to_recommend,olong,olat,dlong,dlat,free_text
"San Francisco, CA","Los Angeles, CA",46,Female,Business travel,11,5,No,60,337,9,-118.10433200000001,33.982668000000004,-122.15849800000001,37.671179,"A tight experience but do able: We boarded the plane, walked through business class and into the economy section. The aisle was very narrow as was the seat space and leg room. After departure, the person in front of me immediately put her seat in a reclining position and I felt like I had little room left to move around.The cabin staff were polite and..."
"Albuquerque, NM","San Diego, CA",15,Female,Personal Travel,371,372,No,88,628,5,-117.12879900000001,32.92872800000001,-106.628138,35.143367000000005,"Worst airline company: The worst airline experience ever. The worst airline company ever as well. If we could give this Airline a -10 we so would!! We understand planes can break...but when you rebook an entire day later and screw up a well planned vacation because they have a crappy airline, it is unacceptable. When they tell us our luggage will be late."
"Phoenix, AZ","Boston, MA",25,Female,Personal Travel,0,0,No,311,2300,9,-71.140708,42.373132000000005,-111.97004100000001,33.494067,"A nice surprise: Service by most of the Northern American air carriers mostly lack of luster. Our flight on Southeast was a nice surprise. Southeast may have learned it from Asian counterparts; guests were offered a hot towel when the flight took off . It was refreshing. The food was more palatable than usual. Possibly because of our cabin class--Premium Economy,..."
"Chicago, IL","Duluth, MN",76,Male,Personal Travel,NA,NA,Yes,NA,397,3,-92.12902000000001,46.76557400000001,-87.89542700000001,41.82712600000001,Awful: They treated us like cattle and didn't care about anyone's needs for getting to a flight ontime they said my bag was to to heavy even though it wasn't and wanted to charge me 100.00
"San Francisco, CA","Boston, MA",62,Female,Business travel,0,1,No,384,2704,9,-71.140708,42.373132000000005,-122.15849800000001,37.671179,"Off to vacation: Welcome on board, Southeast provides a perfect flight in their business class. Great service, comfortable chair."
"St. Louis, MO","Atlanta, GA",18,Male,Mileage tickets,NA,NA,Yes,NA,484,8,-84.33185800000001,33.824102,-90.34092600000001,38.630705000000006,"business trip: Flew Southeast last week. Got to say I much prefer West Jet. The flight was crowded and uncomfortable, with the tickets being very expensive. The return flight was the worst with the air crew being less than cordial or friendly. When we landed we had an even further delay as the luggage conveyor..."
"Kotzebue, AK","Anchorage, AK",75,Female,Personal Travel,0,0,No,75,548,8,-149.84716600000002,61.167916000000005,-162.587577,66.89390700000001,So much better than Rouge: After flying on Southeast before I was not looking forward to another Southeast flight even though I had opted for premium economy so it was a nice surprise when the flight was relatively comfortable and not more than a half hour late arriving. Service was not good and food was below adverage but not being uncomfortable and hours...
"San Francisco, CA","Philadelphia, PA",20,Male,Personal Travel,24,23,No,359,2521,4,-75.29835600000001,39.973277,-122.15849800000001,37.671179,terrible - There was absolutely no legroom.: Seats have absolutely no legroom.
"New York, NY","Los Angeles, CA",41,Male,Business travel,3,0,No,288,2475,9,-118.10433200000001,33.982668000000004,-73.97022100000001,40.718357000000005,The best flight ever.: Excellent Service!! We received a upgrade seat. The flight attendant was amazing always take care of us with coffee and everything we needed it. Also the prices are more better than another airlines.I'm going to flight again with Southeast and I suggest to everyone to do that.
"Las Vegas, NV","New York, NY",80,Male,Personal Travel,19,59,No,309,2248,5,-73.97022100000001,40.718357000000005,-115.16721800000002,36.134893000000005,"Good for short hauls: If you are not more than 5' 9"" you might survive a long flight on Southeast. We had the a320. Friggin torture! Rock hard seats with no legroom. My back has been bothering me since. One glass of juice the whole trip. 2 washrooms for all of economy! Is there..."
"Bemidji, MN","Minneapolis, MN",40,Male,Business travel,0,0,No,36,199,9,-93.2798,44.978156000000006,-94.88352400000001,47.480112000000005,"trip: The flight was full high ways, but the space was adequate for that length of a trip. Flight attendants were all very courteous and pleasant. I recommend Southeast for this route for sure.Thanks."
"San Diego, CA","Boston, MA",39,Female,Business travel,65,102,No,359,2588,8,-71.140708,42.373132000000005,-117.12879900000001,32.92872800000001,"Delayed, Delayed, and Delayed Again: Out of airline's control but flight was delayed a couple hours due to  thunderstorms. Still lots of time to make our connection, however once we arrived , there was a backlog of planes and passengers because of the earlier airport closure, which we totally understood...."
"Washington, DC","San Francisco, CA",65,Male,Business travel,112,77,No,252,2419,8,-122.15849800000001,37.671179,-77.18974000000001,38.897394000000006,"Roundtrip: My wife and I flew Southeast. The experience was fairly good, except for the connecting flight part. When we were transferring, the flight was delayed, leaving us little time to transfer. Everyone transferring to the same flight panicked, until someone from the airline showed up to lead us to..."
"Rochester, NY","New York, NY",43,Female,Personal Travel,NA,NA,Yes,NA,264,8,-73.97022100000001,40.718357000000005,-77.56820700000002,43.13760800000001,"Read the Memo: Retire This Plane: It used an older DeHavilland Dash 8 turboprop (not sure of the exact model, but definitely not a Bombardier Q400). This plane is very cramped, with minimal seat space, less than a Q400. As well, the overhead bins are small and will not accommodate large carryon suitcases..."
"Atlanta, GA","Seattle, WA",24,Male,Personal Travel,11,5,No,242,2182,8,-122.27466100000001,47.46840900000001,-84.33185800000001,33.824102,Appears to be a Budget Airline with cheaper flights than others: Overall there were no problems with the Airline however it did feel more cramped than usual. The legroom and seat were quite satisfactory for me but I am a smaller than an average person. The seating was a 3:4:3 configuration whereas most airlines use a 3:3:3 configuration on Boeing 777 planes. This made the aisles especially narrow so that if...
"Philadelphia, PA","Los Angeles, CA",17,Female,Business travel,0,0,No,277,2402,9,-118.10433200000001,33.982668000000004,-75.29835600000001,39.973277,Good Uneventful Flight: Took the direct flight  in order to make a morning meeting. Flight had an on time departure and arrival. Direct flight is very handy when you want to minimize your number of nights in a hotel. Service was ok as well.
"Chicago, IL","St. Louis, MO",57,Male,Personal Travel,NA,NA,Yes,NA,258,3,-90.34092600000001,38.630705000000006,-87.89542700000001,41.82712600000001,"No more Southeast !! Nothing but trouble, wrong information given every step of the way: 1.They changed our flight staing that we won't make the connection 2 weeks before our trip, and ""if you don't like the new flight, we can refund you money"", that's all they told me. But the same flight was still available on their booking site for way more money than we paid.2.Flight got cancelled, no words the whole time..."
"Denver, CO","Santa Barbara, CA",30,Male,Business travel,0,0,No,130,916,5,-119.72410200000002,34.42747000000001,-104.95509600000001,39.71077400000001,"Disaster of a day: We flew  and we were supposed to have a 2 hour layover. A massive rain storm hit and as such all of the outside plane crew employees were pulled due to danger of lighning. Flights were subsequently re-routed and or cancelled, what a mess"
"Las Vegas, NV","New York, NY",46,Male,Business travel,0,0,No,321,2248,9,-73.97022100000001,40.718357000000005,-115.16721800000002,36.134893000000005,"trip bk home: awesome... lounge & great food & drink, quick check in, great seats & service ... great flight :-) happy dAYS"
"Tampa, FL","Atlanta, GA",45,Male,Personal Travel,NA,NA,Yes,NA,406,3,-84.33185800000001,33.824102,-82.51318800000001,28.006247000000002,"Southeast have blown it with the new Bombardier Q400 and their checked baggage charges.: As if the new Bombardier Q400, introduced to Southeast flts a few years ago, isn't tight enough in the cabin (you're squeezed in there like sardines), the company's changed checked baggage policy, where everyone now has to pay for all checked bags, is causing mayhem. Passengers trying to save a buck (so everybody) are now taking as much carry-on baggage..."
"San Diego, CA","Charlotte, NC",50,Male,Business travel,0,0,No,295,2077,8,-80.81582600000002,35.24965400000001,-117.12879900000001,32.92872800000001,"Poor food, audio and service: On a positive note the aircraft was relatively new, seats comfortable and it left and arrived on time.The ear phones provided are of such poor quality that it was almost impossible to understand the audio side of all the films. Fortunately I had the problem on an earlier flight so this time I used my iPad ear phones and..."
"San Diego, CA","Kahului, HI",63,Male,Personal Travel,41,9,No,281,2541,3,-156.47789200000003,20.886428000000002,-117.12879900000001,32.92872800000001,"Not terrible: There was deffective in-flight entertainment. They had a WiFi based, use-your-own-device system, but it relied on installing a complicated app that most people around me couldn't get..."
"New York, NY","Seattle, WA",52,Male,Business travel,6,0,No,254,2422,10,-122.27466100000001,47.46840900000001,-73.97022100000001,40.718357000000005,Decent flight: I recently flew on Southeast and I was looking forward to this flight as it was the first time that I flew on a 787. What I liked about the flight was the the 787 is quieter than most planes that I have flown on.
"Phoenix, AZ","Chicago, IL",50,Male,Business travel,12,11,No,202,1444,3,-87.89542700000001,41.82712600000001,-111.97004100000001,33.494067,"Poor customer service: Our recent experience with Southeast staff was distressing! They were rude and not helpful at two airports! Ashamed to call them a national carrier and would never recommend them to anyone! We experienced flight delays, cancellations and missed connections. Southeast was of no help, in fact another airline solved our problem!"
"San Francisco, CA","Philadelphia, PA",58,Male,Business travel,68,58,No,334,2521,10,-75.29835600000001,39.973277,-122.15849800000001,37.671179,Great experience: The Ground staff were very helpful in changing our seats to allow me to sit with my children as our initial boarding passes were issued with me sitting 20 rows apart from them. The seats are very comfortable and the touch screens worked pretty well. The selection of movies were okay although my son dis have a problem with his...
"Seattle, WA","Atlanta, GA",50,Male,Business travel,7,0,No,288,2182,8,-84.33185800000001,33.824102,-122.27466100000001,47.46840900000001,"A few shining stars but too few: Despite being early, the line up was extremely long after receiving boarding pass. My boarding pass very clearly said wheel chair required. By the time I reached the counter, I was in quite a lot of distress but since it obviously was not the fault of the agent, I just asked for the assistance."
"Washington, DC","San Diego, CA",54,Female,Personal Travel,0,0,No,242,2253,4,-117.12879900000001,32.92872800000001,-77.18974000000001,38.897394000000006,"Thinking of flying with Southeast? How do you feel about anchovies?: The spaciousness of 787 I flew on didn't resemble a tin of sardines, more like a jar of anchovies. Imagine spending the flight sitting upright with your arms pinned to your sides because when you leant on the armrest, you either paged the crewmembers or changed the movie your neighbor was watching. This is definitely the most uncomfortable flight I..."
"Phoenix, AZ","New York, NY",46,Female,Business travel,2,0,No,289,2153,8,-73.97022100000001,40.718357000000005,-111.97004100000001,33.494067,"Average airline: We paid extra to have seats with extra legroom and both of us had aisle seats. This was an advantage, however, the seats were located directly behind Premium Economy where the aisle width changes. The result was that every time a Steward passed by, at least one of us was bumped which was very annoying..."
"Philadelphia, PA","Phoenix, AZ",71,Female,Business travel,29,61,No,239,2075,8,-111.97004100000001,33.494067,-75.29835600000001,39.973277,Recent trip: No need to be too early at the airport when on business class since they don't start process 3 hours prioir to departure. Flight was delayed so I had to walk around waiting for agents to be at check-in.Access to a very comfortable  1st class lounge Southeast is sharing with other Airlines.
"Houston, TX","Lafayette, LA",47,Female,Personal Travel,NA,NA,Yes,NA,201,5,-92.01329400000002,30.165353000000003,-95.39353100000001,29.784308000000003,"Extremely disorganised and very, very rude!: Having checked in, chosen seats and paid the extra $25 each for one checked in bag, we arrived at the airport 90 minutes before the flight, as recommended. We were sent from pilar to post, ato checkin wouldn't work, sent from one line to the next........."
"Kansas City, MO","Chicago, IL",26,Male,Mileage tickets,88,69,No,61,403,10,-87.89542700000001,41.82712600000001,-94.59489700000002,39.039792000000006,"Lots of notice for storm delay but more agents could have made things smoother: We were delayed by a storm (expected) but, the morning of our flight, the line up was very long yet only 2 ticket agents were on duty. People were being allowed to jump the queue & they even closed 1 counter for about 15 minutes. While stressful, we made our flight."
"Orlando, FL","Seattle, WA",80,Female,Personal Travel,0,4,No,297,2554,4,-122.27466100000001,47.46840900000001,-81.41121100000001,28.584428000000003,"Southeast: I have flown on Southeast before and I'm always disappointed. As usual, the food wasn't great, the seats did not have enough leg room, the reading lights didn't work (on the entire plane) and the sound for the movies did not work on my outlet. I am disappointed that the airline hasn't addressed some of these problems."
"New York, NY","Phoenix, AZ",41,Male,Business travel,5,33,No,280,2153,9,-111.97004100000001,33.494067,-73.97022100000001,40.718357000000005,"Excellent Product & Service: This is the first time we've flown Southeast long haul in business class. The seats were comfortable - I'm 6'2"" and most seats of this class do not give you the room this seat did.Staff were very polite & friendly."
"Phoenix, AZ","New York, NY",54,Male,Business travel,140,177,No,315,2153,10,-73.97022100000001,40.718357000000005,-111.97004100000001,33.494067,"Not bad but not good, on par with other major airline: We took a round trip flight recently  on Southeast. Everything ran smoothly. There was no delay. The food and service are Southeast were acceptable and comparable with other major airlines. The return flight was ok as well. However,  we ran into a 2-hour delay due to..."
"Philadelphia, PA","Atlanta, GA",36,Female,Business travel,0,0,No,97,666,10,-84.33185800000001,33.824102,-75.29835600000001,39.973277,"Great flight: dropped us off at  airport in lots of time for our flight. Check-in was easy and we had time to enjoy a food in the Southeast Lounge, which is excellent. Flight was on time and crew were extremely friendly and professional.Definitely will use Southeast again"
"Philadelphia, PA","Tampa, FL",53,Male,Mileage tickets,17,0,No,109,920,10,-82.51318800000001,28.006247000000002,-75.29835600000001,39.973277,flight: flight was uneventful; which is good. only issue was I wanted a coffee but they would not service hot drinks while the seat belt sign was on. Oh well!!! They gave me one later
"Orlando, FL","San Francisco, CA",73,Male,Personal Travel,7,0,No,256,2446,5,-122.15849800000001,37.671179,-81.41121100000001,28.584428000000003,"Southeast - Not my first choice: As I recently had to fly - I thought Southeast would be a great choice. What a mistake.The staff at the check in counter at the airport  was all but great. No smile, not very helpful. As I had to change flights I expected to get boarding card..."
"Washington, DC","Atlanta, GA",31,Male,Mileage tickets,0,0,No,73,547,8,-84.33185800000001,33.824102,-77.18974000000001,38.897394000000006,"Southeast definitely only average: Chose Southeast at extra cost, as hoped for better experience. Not achieved! Very difficult online check-in, plus with no seat options unless you pay, pay! Meals appalling....... seriously think their suppliers should be paying them to offer the food ( maybe they are??). Staff (other than occasional) surly and unwelcoming."
"New York, NY","San Antonio, TX",17,Female,Personal Travel,0,0,No,192,1587,2,-98.47537600000001,29.514399000000004,-73.97022100000001,40.718357000000005,"Lacks in customer service and comforts: You get the bare minimum from Southeast. I had more attitudes from the check-in staff than I've had from all my years traveling. I also started a new policy for myself, give a gift of chocolates or yummy munchies for the flight attendances to enjoy between their long hours of serving us, as a form of an early gratitude..."
"Phoenix, AZ","Boston, MA",73,Female,Personal Travel,0,28,No,372,2300,6,-71.140708,42.373132000000005,-111.97004100000001,33.494067,"A Disgrace: Although this trip was taken last year,I will never forget it as long as I live. The aircraft was old and very well worn,my screen didn't work and the food was the most disgusting slop I've ever been served in all my life. Even worse than that was the appalling attitude of the so called cabin crew."
"San Francisco, CA","Washington, DC",23,Male,Business travel,2,0,No,336,2419,9,-77.18974000000001,38.897394000000006,-122.15849800000001,37.671179,"Excellent service: This was our first time with Southeast and we were very impressed. Seats and cabin were very comfortable, cabin staff very friendly, attentive and professional and timing of snacks, meals etc was perfect. The long flight passed quickly and was the best (and longest) we have experienced. On the ground, check in and boarding was smooth and fuss free...."
"Salt Lake City, UT","Elko, NV",35,Male,Business travel,1,0,No,47,200,10,-115.77282000000001,40.836774000000005,-111.92951500000001,40.640838,Efficient and on Time: Southeast is not my favourite Air Line however the flight went well and the flight home landed exactly the time it was supposed to. The boarding was efficient and the flight itself quick. I do wonder though why they give out those awful dry pretzels (which I don;t eat) whereas a cookie...
"Atlanta, GA","Roanoke, VA",47,Male,Business travel,NA,NA,Yes,NA,357,8,-79.97629300000001,37.290783000000005,-84.33185800000001,33.824102,Stop over: flight with Southeast  a bit turbulence.  the only service we got is soft drinks not even snack. This is multi million business! And you can even serve better food. What a cheap company...
"Los Angeles, CA","Philadelphia, PA",39,Female,Business travel,0,10,No,340,2402,6,-75.29835600000001,39.973277,-118.10433200000001,33.982668000000004,"The much bad attitude in Southeast fly attendant: This was l never take this airplane anymore...waht kind the fly attendant he has done the service for customers..very bad the service and attitude, in Taiwan we do the best hospitality around the world, l am proud of all the attention, because our services standards are much higher than the North America air attendants"
"Chicago, IL","Houston, TX",71,Female,Personal Travel,50,49,No,126,937,4,-95.39353100000001,29.784308000000003,-87.89542700000001,41.82712600000001,"Many years I have flown with Southeast to see it's service continually decline: When frequent flyer miles came out in the 1990's, Southeast was an airline that received many positive reviews. The staff were friendly and there was a certain pride with the airline.I've only seen this decrease since then. Particularly the staff are often uninterested, unhappy and some just plain rude. So much that I stopped flying the airline."
"Phoenix, AZ","Philadelphia, PA",32,Female,Business travel,0,0,No,288,2075,9,-75.29835600000001,39.973277,-111.97004100000001,33.494067,"Smooth flight-excellent service: I've flown hundreds of times over the years..This was a perfect flight..the flight attendants were friendly,courteous and efficient..the beverage and meal service was perfectly coordinated.My friend and I paid extra and bought the middle seat(I had the aisle and she had the window on the three seat side of plane)and it made a huge difference in comfort and spaciousness.The price..."
"Charlotte, NC","Seattle, WA",43,Male,Business travel,14,16,No,262,2279,9,-122.27466100000001,47.46840900000001,-80.81582600000002,35.24965400000001,"Southeast as good as ever: business class . Great service, great food and mostly great cabin crew. Have used Southeast for 4 years and highly recommend."
"Phoenix, AZ","San Francisco, CA",49,Female,Business travel,77,70,No,91,651,6,-122.15849800000001,37.671179,-111.97004100000001,33.494067,"Very poor service: On check in we were told the flight was on time, but then at the gate the take off was changed due to alledged safety issues with the emergency landing gear- eventually boarding was announced - with extremely rude ground staff in attendance - only to wait on the sky walk for another 20 minutes..."
"San Francisco, CA","Boston, MA",32,Female,Business travel,2,12,No,384,2704,6,-71.140708,42.373132000000005,-122.15849800000001,37.671179,"Lounge at Pearson (International flights): I really do not know if reviewing the lounge  fits here or not, but here it comes.The lounge is nice, and far better than the ones offered by other airlines. My poor rating goes to the attitude of the 'gate keepers' that somehow, at least in my personal experience, appear to have..."
"New York, NY","Portland, OR",49,Female,Business travel,0,0,No,274,2454,9,-122.65108700000002,45.520404000000006,-73.97022100000001,40.718357000000005,"Kudos for the luggage handling: I flew for business purposes. The aircraft was a 787 (one of my favorites), and I sat in premium economy (PE). The crew was nice and friendly. The meal was not bad,..."
"New York, NY","Los Angeles, CA",16,Male,Personal Travel,6,0,No,281,2475,4,-118.10433200000001,33.982668000000004,-73.97022100000001,40.718357000000005,"Decent, next time will go with a differenet airline: Pros: They didn't lose my luggage (apparently they're notorious for this). Great friendly call center.Cons: Everything else. First leg smelled like urine in the cabin. The flight attendants were apathetic and holier than thou. I had aisle seats on all legs and notice that the space under the..."
"Orlando, FL","Grand Rapids, MI",41,Female,Business travel,3,19,No,142,1024,8,-85.6686,42.942857000000004,-81.41121100000001,28.584428000000003,Adequate: It seems to me that the space got even more cramp than it used to be... The crew was grumpy. No one cracked a smile the whole time. The movie selection was decent. I will try a different airline next time.
"Kansas City, MO","Los Angeles, CA",79,Female,Personal Travel,5,23,No,186,1363,4,-118.10433200000001,33.982668000000004,-94.59489700000002,39.039792000000006,Really bad: Didn't got any food and had to pay extra for checked bags. You're paying for a high quality airplane company but getting the service of a low cost one. Soon they'll make you pay for the napkins!
"New York, NY","San Diego, CA",17,Female,Personal Travel,0,20,No,317,2446,4,-117.12879900000001,32.92872800000001,-73.97022100000001,40.718357000000005,Have definitely gone down hill!: It's at least 5 years since I last flew with Southeast & they are definitely not offering the same high level of service.Drinks of any kind were not served until half way through our meal a good one & a half hours into the flight. I had to swallow my medication without anything! The bottle of water came...
"San Francisco, CA","Boston, MA",39,Male,Business travel,0,20,No,396,2704,10,-71.140708,42.373132000000005,-122.15849800000001,37.671179,"Excellent Flights: Great experience with Southeast. The business class configuration on their Boeing 787 was what I expected and was able to sleep with as much comfort as can be expected on an airplane. The service was excellent and the food was good. Connecting is not great (you fly a smaller Embraer jet), but it's not a..."
"Atlanta, GA","Seattle, WA",51,Female,Personal Travel,15,0,No,242,2182,2,-122.27466100000001,47.46840900000001,-84.33185800000001,33.824102,Not Worth The Extra: Wife paid significant costs of upgrade in the hope we could sleep on the flight. the food was hardly better than economy (which was inedible) and the wine selection was to say the least average.The film selection was terrible with very few new films in...
"St. Louis, MO","Orlando, FL",45,Female,Business travel,0,0,No,136,882,9,-81.41121100000001,28.584428000000003,-90.34092600000001,38.630705000000006,"Overall very good, but customer service could be better: Southeast provides an at par service, nothing more nothing less. Clean interiors, industry standard legroom, not too bad seats, and a kind of standardized setting Southeastross their fleet. They strives to provide a typical non-aggravating customer service also most of the time. However, occasionally you hit one or two of those bad apples who lack enthusiasm and a careless..."
"Chicago, IL","Houston, TX",44,Male,Business travel,7,0,No,117,937,9,-95.39353100000001,29.784308000000003,-87.89542700000001,41.82712600000001,Good flight experience: Had a great experience flying Southeast...as always. Flew with my family members. Only suggestion is to tighten up some of the wait times; had some longer wait times.
"Burlington, VT","New York, NY",28,Male,Mileage tickets,NA,NA,Yes,NA,258,5,-73.97022100000001,40.718357000000005,-73.147918,44.474036000000005,"The Worst Airline Experience EVER: After traveling the globe using countless large and small airline carriers over several years, I can genuinely say I have encountered none worse than the service provided by Southeast.Despite booking our tickets 9 months in advance, we were advised upon arrival our flight was over booked however we were extremely likely to secure a place due to the..."
"Tampa, FL","New York, NY",64,Female,Personal Travel,0,0,No,156,1010,8,-73.97022100000001,40.718357000000005,-82.51318800000001,28.006247000000002,"a very average flight and service overall: old craft, crapy sound on little screens, not very attentive flight attendance, everything went quite smooth including fast luggage pick up"
"Los Angeles, CA","Denver, CO",55,Female,Business travel,0,0,No,123,862,9,-104.95509600000001,39.71077400000001,-118.10433200000001,33.982668000000004,"Southeast Okay: This was our first time on Southeast and it was okay. Not bad, but not great. We flew  and  changed planes and then flew the reverse route home. All flights were on time and comfortable (as Economy class goes, lol). The entertainment system didn't work on our first leg..."
"Miami, FL","Los Angeles, CA",25,Male,Business travel,0,0,No,261,2342,9,-118.10433200000001,33.982668000000004,-80.23142800000001,26.175616,"the absolute best: The airline service was over the top, flight was on the Dream Liner. WOW!. I ordered gluten free meals that were great. Most airlines give marginal meals at best for gluten free. Cabin service was attentive to everyone's needs. Entertainment selection was expansive."
"Atlanta, GA","New York, NY",38,Male,Business travel,0,0,No,120,762,9,-73.97022100000001,40.718357000000005,-84.33185800000001,33.824102,"Flight: Flight was fine. I had a window seat. Two largish men sat next to me. they did not get up to go to wash room. So I waited.Every thing on flight was good until we landed. The 2 kids, traveling alone, sitting behind me started to cry up. they were maybe between 8 - 12. The guy next to..."
"Chicago, IL","Columbus, OH",68,Male,Personal Travel,142,147,No,52,296,3,-82.96853200000001,40.021161000000006,-87.89542700000001,41.82712600000001,"Southeast is dropping the ball: I travel for business every month or sometimes a couple of times a month and can't help but notice more and more Southeast flights are being delayed - which is annoying for leisure travel but damaging for business travel.   Southeast - if you're reading this pls make everything possible to avoid making any schedule changes, or you will start losing..."
"Denver, CO","New Orleans, LA",71,Female,Personal Travel,175,165,No,149,1062,8,-90.14368300000001,29.954653000000004,-104.95509600000001,39.71077400000001,"A flight attendant didn't show up for their shift and we were delayed: An average flight that was long with two stops. No one was offered anything extra for the delay, which I thought was ridiculous. At least give a free drink."
"Kahului, HI","San Jose, CA",23,Male,Business travel,0,4,No,307,2355,9,-121.94514500000001,37.329845000000006,-156.47789200000003,20.886428000000002,"Fantastic Service: Wonderful service, comfortable and efficient. Food was plentiful and actually pretty good. Choice of movies was good. Overall a very good service."
"San Francisco, CA","New York, NY",46,Male,Personal Travel,29,4,No,351,2586,4,-73.97022100000001,40.718357000000005,-122.15849800000001,37.671179,Makes BA look good: Got a funny feeling when the plane left the Gate with people still putting their luggage in the overhead lockers. It transpired the pilot did not want to lose his slot! No check by the cabin staff that seat belts were in use or floor space between seats was clear. Service during the flight was average and the crew appeared...
"El Paso, TX","Houston, TX",45,Male,Business travel,5,1,No,99,667,6,-95.39353100000001,29.784308000000003,-106.38903100000002,31.780239000000005,"Not impressed: The actual flight was fine. What we found disappointing was that, what we took to be a major carrier, seemed to Southeastt like a low-cost airline where passengers are expected to pay for hold luggage, snacks, preferred seating and headsets to enable them to while away the long journey."
"New York, NY","Columbus, OH",59,Female,Business travel,NA,NA,Yes,NA,479,8,-82.96853200000001,40.021161000000006,-73.97022100000001,40.718357000000005,"Best airline in N America? Really?: cabin crew good, food poor, legroom poor. Return was on Business class, which was good, but what really got to us was the lounge at the Airport. The selection of food (soup, bread or salad) was disgusting. Suggest they visit BA Exec Lounge!..."
"San Francisco, CA","Washington, DC",39,Male,Mileage tickets,NA,NA,Yes,NA,2419,6,-77.18974000000001,38.897394000000006,-122.15849800000001,37.671179,Can not recommend---Delayed bags and cnxld flts: Delayed Bag on departure and return! Delayed and cancelled flts created enormous stress... will never fly Southeast again!
"Aspen, CO","Denver, CO",60,Female,Personal Travel,NA,NA,Yes,NA,125,5,-104.95509600000001,39.71077400000001,-106.84028300000001,39.19927800000001,Delayed by 16 hrs with no food or compensation: I checked in  and went thru security within the next 30 mins and was waiting at the Boarding Gate. Later I learnt that my flight was cancelled due to bad weather and I would have to rebook in another flight....
"New York, NY","Tampa, FL",50,Male,Business travel,0,0,No,128,1010,9,-82.51318800000001,28.006247000000002,-73.97022100000001,40.718357000000005,"Fly SoutheastI: I was very pleased with my recent flight experience with Southeast. The crew were courteous and very welcoming. I did not use WI-FI, therefore, I cannot say that it was terrible. My only one complaint is that the seats are very narrow and there isn't much leg room. Also, there weren't any tv's."
"Tampa, FL","Indianapolis, IN",79,Male,Personal Travel,0,10,No,125,837,2,-86.14552100000002,39.811262000000006,-82.51318800000001,28.006247000000002,"Do not fly Southeast, worst customer service and things go down hill: Got on the plane and noticed my seat had a bit of ""stuff"" on it. The person sitting beside me came to sat down and immediately left. (We had both paid for bulk head seating).Then a flight attendant showed up with a bag and put out of order on the seat beside me. Turns out that the person flying on..."
"Oklahoma City, OK","Atlanta, GA",64,Female,Personal Travel,105,117,No,118,761,4,-84.33185800000001,33.824102,-97.52430500000001,35.504826,Worst experience ever on an airline!!!!!: I flew on Southeast for the first time this past weekend and I have to say it was the worst experience I have ever had on an airline. the flight was delayed by 3 hours. It was a massive inconvenience and we were never...
"Portland, OR","Salt Lake City, UT",49,Female,Business travel,0,0,No,100,630,8,-111.92951500000001,40.640838,-122.65108700000002,45.520404000000006,"Flight was ok, nothing special: The plane was crowded and the level of service was just ok as expected. With so many people to look after the flight crew did their best, but you can only do so much with so many people crammed into so little space."
"Phoenix, AZ","Philadelphia, PA",20,Male,Personal Travel,106,117,No,325,2075,4,-75.29835600000001,39.973277,-111.97004100000001,33.494067,"Never Again: We booked a vacation and the flight out was through Southeast. We chose the flights based on cost. After, we went to some reviews of Southeast. Unfortunately, our experience lived up (or down) to the poor reviews. For example, a mechanical forced the plane to go back to the gate for inspection/repair."
"Seattle, WA","Atlanta, GA",31,Male,Business travel,0,2,No,317,2182,8,-84.33185800000001,33.824102,-122.27466100000001,47.46840900000001,"Disappointing return flight.: Very poor snacking options in the  Lounge, and the flight home had a very poor food for Business Class."
"Seattle, WA","New York, NY",27,Male,Business travel,25,29,No,353,2422,9,-73.97022100000001,40.718357000000005,-122.27466100000001,47.46840900000001,"high school class reunion: I flew with Southeast to attend a high-school class reunion.My Southeast flight left on time and landed on time. The flight was uneventful in the sense that turbulence was minimal. As expected, service was very good, the fight attendants were helpful. My meal (chicken) was good,..."
"Philadelphia, PA","San Francisco, CA",32,Female,Business travel,0,0,No,282,2521,6,-122.15849800000001,37.671179,-75.29835600000001,39.973277,"Not Impressed, Very Disappointing: Hi having travelled on Southeast once before, though that was probably 10 years or more ago and been very satisfied with the flight , crew and the journey. I was looking forward to the flight. Imagine my surprise to find my Trans Atlantic flight had no..."
"Dallas, TX","Albuquerque, NM",36,Male,Business travel,28,20,No,75,580,3,-106.628138,35.143367000000005,-96.972001,32.812727,"AWFUL: I will go out of my way and spend more not to fly Southeast. Damage Luggage, Missing Luggage, rude staff.. Not worth it"
"San Jose, CA","Atlanta, GA",72,Female,Personal Travel,0,0,No,296,2116,6,-84.33185800000001,33.824102,-121.94514500000001,37.329845000000006,Compared with other airlines this did not measure up: We chose this airline because it had direct flights. We also used the same airline to return  a month later. We travel regularly via Qantas or other major airlines and for the following reasons we will not use this airline again.Seating was as usual in economy class but movie selection was very...
"Seattle, WA","Anchorage, AK",40,Male,Business travel,12,12,No,185,1448,9,-149.84716600000002,61.167916000000005,-122.27466100000001,47.46840900000001,Travels to attend a wedding: We were very pleased with the flights to accommodate our travels to attend our son's wedding. The flights were booked with points which was easy to handle through their website. The flights selected were easy to transfer and provided us with seat selection for the whole journey.The service was adequate.
"Boston, MA","Detroit, MI",47,Female,Personal Travel,0,0,No,77,632,6,-83.22755400000001,42.490005000000004,-71.140708,42.373132000000005,Disappointing: Check-in was time consuming and very confusing: as far I could see the check-in machines were slower than a person doing the check-in and as nearly everyone needed assistance to work out what to do it certainly wasn't labour saving. The plane was not clean on take off in either direction. The staff not very efficient or friendly.
"Atlanta, GA","Panama City, FL",49,Female,Personal Travel,253,243,No,45,240,4,-85.67728000000001,30.194135000000003,-84.33185800000001,33.824102,"Worst Airline Company. Avoid at all costs. Pay extra if you have to.: Booked a flight with Southeast. The company cancelled the first flight, claiming there was construction  at  airport that prevented them from flying. They rebooked me on a different flight much later that day. They then kept delaying the flight several times, but ultimately we boarded the plane a few hours later...."
"Orlando, FL","Cincinnati, OH",55,Male,Business travel,0,0,No,102,757,6,-84.46204300000001,39.185505000000006,-81.41121100000001,28.584428000000003,Leave Time to Check In: The check in baggage drop off process was terrible. Arrived over 1 1/2 hours early for the flight and it took over an hour to drop off bags. Two of three automated terminals were put of order. Poor signage for any one other than executive class. At the point where they realized people were going...
"Philadelphia, PA","Atlanta, GA",52,Female,Business travel,26,18,No,86,666,8,-84.33185800000001,33.824102,-75.29835600000001,39.973277,"Cramped: Food was ok - nothing to write home to mom about - my major issue was how cramped the seating was. The person sitting in front of me, reclined their seat and the back of it was so close to me, that I was trapped. In order for me to get up and go to the washroom, I had to squeeze through a very small space."
"Denver, CO","Omaha, NE",71,Male,Business travel,0,0,No,74,472,9,-96.03464100000001,41.23485900000001,-104.95509600000001,39.71077400000001,"A nice comfortable flight: Due to the distance and available time, we decided to fly. As we were flying on points, we were able to fly business class. It was nice as there is lots of room in the seats which were very comfortable...."
"Indianapolis, IN","Houston, TX",32,Male,Business travel,0,0,No,107,844,6,-95.39353100000001,29.784308000000003,-86.14552100000002,39.811262000000006,"Absolute savage customer service: I have been travelling for most of my life and, due to a lack of options, I typically end up travelling with Southeast. Time and time again, this company never fails to amaze me. I have had my flights deleted twice (both times resulting in my being stranded), my baggage lost, etc., but what is most bothersome..."
"Los Angeles, CA","Lihue, HI",50,Male,Personal Travel,0,0,No,292,2615,5,-159.36167700000001,21.975754000000002,-118.10433200000001,33.982668000000004,"I got what I paid for: On the way to our destination we purchased an upgrade...the attendant said it was the only way for me and my husband to sit together. Since it was our honeymoon, we payed the extra($149.00 EACH) so we could be together. The airline then sat a woman that weighed well over 400 lbs right next to me...or should I say ""on..."
"Los Angeles, CA","New York, NY",27,Male,Personal Travel,0,0,No,341,2475,4,-73.97022100000001,40.718357000000005,-118.10433200000001,33.982668000000004,"Are they serious about feedback?: The Southeast customer relations web form limits the areas of contact which makes you wonder if they are really interested. Of 12 flights in 14 months only two have run to schedule. Bag Check-in, cabin crew and those at the pointy end do a good job. The chaos of loading a full plane has to be seen to be..."
"Seattle, WA","New York, NY",67,Female,Personal Travel,193,189,No,341,2422,4,-73.97022100000001,40.718357000000005,-122.27466100000001,47.46840900000001,"delayed flights, lost baggage, baggage complaint delay wait on hold hours: first flight  delayed, luckily we didn't miss connecting flight because it too was delayed...... flight  was basic-provided only a free drink we had to pay for any ""snacks"" and food was terrible. Upon arrival after..."
"New York, NY","Richmond, VA",69,Male,Personal Travel,NA,NA,Yes,NA,292,6,-77.48798300000001,37.477942000000006,-73.97022100000001,40.718357000000005,"Sucks regularly  - delays / cancellations: When it happened to me people said - yeah, that often happens. I figured it was just people consoling me. Today it happened to my wife - same flight about a month later. Booked to take off at 2:35 pm and the flight is cancelled, so is the next one at 9 something. A special flight to cover both might..."
"Denver, CO","Portland, OR",50,Female,Personal Travel,106,102,No,118,991,3,-122.65108700000002,45.520404000000006,-104.95509600000001,39.71077400000001,3/4 Flights Delayed over an hour!!!: Never have I witness so many delays in one trip.
"Miami, FL","Washington, DC",46,Female,Business travel,0,0,No,129,919,10,-77.18974000000001,38.897394000000006,-80.23142800000001,26.175616,"Comfort makes the difference!: This was the first time we flew on Southeast. What a treat! The boarding process was strictly adhered to according to the number on the boarding pass. The treats/light refreshment were typical. The staff was attentive, efficient, hospitable, courteous. There were individual screens at each seat for viewing/listening, the plane was clean, the seats were comfortable. There was a..."
"Washington, DC","Houston, TX",63,Male,Business travel,0,0,No,139,1208,9,-95.39353100000001,29.784308000000003,-77.18974000000001,38.897394000000006,"felt like Royalty: The best North American Airline ever, Checking in, Boarding and arrival were all on time as expected"
"Anchorage, AK","Fairbanks, AK",27,Female,Business travel,0,0,No,45,261,9,-147.70573600000003,64.80195800000001,-149.84716600000002,61.167916000000005,"A short direct flight: Southeast provided a direct flight which save me a lot of time. Also I was fortunate to have a seat selected for me, and on both legs, and the seat was in the emergency exit row. This row is equipped with extra leg room due to the exit requirement, which was a feature I really enjoyed. Thanks Southeast..."
"Chicago, IL","Cleveland, OH",62,Female,Business travel,19,30,No,61,307,9,-81.60544300000001,41.44363800000001,-87.89542700000001,41.82712600000001,"Uneventful: Uneventful, just the way I like it. Not sure what you can say about an uneventful flight except that it was uneventful and I made it there and then back home."
"New York, NY","San Francisco, CA",33,Female,Personal Travel,0,0,No,307,2586,3,-122.15849800000001,37.671179,-73.97022100000001,40.718357000000005,"Lost Our Baggage and Not Giving Any Compensation: I went on a vacation riding Southeast. The experience was nice and all, meals were great, service was friendly but they ended up losing my baggage when I came back to Toronto. No biggie, it happens, I understand. I filed a report and waited patiently for one month, two months, three months wow after THREE..."
"Chicago, IL","Orlando, FL",64,Male,Personal Travel,0,1,No,148,990,3,-81.41121100000001,28.584428000000003,-87.89542700000001,41.82712600000001,"Poor service when flights were delayed: Our first flight was delayed causing us to miss our connecting flight, this happens however, we were given a total of $40 in vouchers for dinner for four people. That hardly covered dinner for two let alone four of us. When we arrived  we were given a hotel voucher along with cab vouchers. When we arrived at the..."
"Denver, CO","Wichita, KS",45,Male,Business travel,27,22,No,71,420,9,-97.32733300000001,37.679735,-104.95509600000001,39.71077400000001,"Boring Flight: What a boring flight. I loved every minute of it from the wonderful service to the entertaining videos, there was nothing to complain about. Let me say that boring on a flight is good, very, very good."
"Washington, DC","Los Angeles, CA",36,Male,Business travel,0,0,No,256,2288,9,-118.10433200000001,33.982668000000004,-77.18974000000001,38.897394000000006,"Very comfortable Southeast flight, with food and drink supplied too!: Flight very comfortable, food and drink supplied regularly. Helpful staff. Seats ok."
"Baltimore, MD","Boston, MA",43,Male,Business travel,2,0,No,68,369,10,-71.140708,42.373132000000005,-76.64776,39.23409900000001,"Southeast flight: Both my trips on Southeast were excellent. The flights boarded on time and left on time. The connections in Toronto were exactly as posted. I found the staff to be extremely polite and friendly, very professional and attentive. The crisp blue uniforms were sharp and good looking."
"San Francisco, CA","Miami, FL",39,Female,Personal Travel,83,86,No,370,2585,4,-80.23142800000001,26.175616,-122.15849800000001,37.671179,"Bad customer service throughout: This was one of our most frustrating flights ever! We were booked by Southeast (online) on a flight.  The flight was delayed because they had to change the gate. Then the flight was further delayed because of some other ""issues""...."
"New York, NY","Las Vegas, NV",48,Female,Mileage tickets,0,0,No,254,2248,8,-115.16721800000002,36.134893000000005,-73.97022100000001,40.718357000000005,"Disorganized, unpleasant, but some saving graces: I flew Southeast  connecting through Vancouver... on the same day that another Southeast flight almost landed on top of 4 other planes on the wrong runway  and almost causing the worst aviation disaster in history.The good: I was not on that flight.Hard to rate the experience overall -some very unpleasant..."
"Atlanta, GA","Wichita, KS",35,Female,Business travel,0,0,No,91,782,8,-97.32733300000001,37.679735,-84.33185800000001,33.824102,very cramped no food: there is no leg room on Southeast. We also had a long flight and no food not even pretzels was served. I would not recommend this.
"Atlanta, GA","San Francisco, CA",36,Female,Business travel,4,0,No,234,2139,2,-122.15849800000001,37.671179,-84.33185800000001,33.824102,"Business class dissapoints again: My wife, son and I have taken business class with Southeast   two trips in a row. We are ordinary people who saved to splurge for our summer vacations and to arrive  rested and ready to go. Last year we had a poor experience and naively gave Southeast another chance. Shame on us......"
"Aspen, CO","Houston, TX",59,Male,Personal Travel,0,0,No,135,913,3,-95.39353100000001,29.784308000000003,-106.84028300000001,39.19927800000001,"Don't bother with bereavement fare or Southeast for that matter.: I seriously need to switch airline loyalty programs. I feel like I spend a lot with Southeast  and get very little in the way of return. Don't bother trying to get a bereavement fare with these guys.. I received a whole $40 (and 76 cents - Wow!) returned to me after spending north of $4,000 in flights..."
"San Antonio, TX","Baltimore, MD",55,Female,Personal Travel,16,22,No,228,1407,4,-76.64776,39.23409900000001,-98.47537600000001,29.514399000000004,"WORST CUSTOMER SERVICE EVER!: My luggage did not got delivered, and they promised to get my luggage delivered to my house in one day, gave me a customer service direct line. but, THEY NEVER EVER EVER PICK UP THE PHONE CALL! its super frustrating... and they did not deliver my luggage on time, delayed and couldnt be contacted. sucks. DO NOT GO..."
"Chicago, IL","Detroit, MI",75,Female,Personal Travel,NA,NA,Yes,NA,235,8,-83.22755400000001,42.490005000000004,-87.89542700000001,41.82712600000001,"Nice flight to Haida Gwaii: A straightforward return trip, all on time, which is so important when you are on a luxury fishing trip. All luggage, including boxes of frozen and fresh fish, delivered safely. Adequate in-flight service."
"Kansas City, MO","Orlando, FL",48,Male,Personal Travel,31,25,No,162,1072,3,-81.41121100000001,28.584428000000003,-94.59489700000002,39.039792000000006,"No customer service!!: The line to check in and have them print our luggage tags was over an hour!! We had 10 people in front of us that's it. But the counter service people kept calling the people with luggage tags ,and priority boarding. I was afraid we would miss our flight if security had a long line. That's just ridiculous..."
"Boston, MA","Tampa, FL",65,Male,Personal Travel,105,83,No,135,1185,3,-82.51318800000001,28.006247000000002,-71.140708,42.373132000000005,"Worst airline eperience in 40 years flying: My daughter flew Southeast for her first solo trip. flight so late she had to be rescheduled and run to second flight  where, when she arrived she barely made her connection. Baggage never found. 6 days, 12 phone calls, 8hours 47 minutes on hold, 3 broken..."
"Grand Junction, CO","Phoenix, AZ",68,Female,Personal Travel,104,101,No,58,438,3,-111.97004100000001,33.494067,-108.56745200000002,39.089062000000006,"Unconcerned, uncaring customer service. The absolute worst: due to their flight delay they did not hold flight Connecting flight for 50 people including us (party of 4)...first mistake was using this airline. Friends were economizing and we went along with it. No representative from Southeast..."
"San Francisco, CA","New York, NY",43,Male,Business travel,79,54,No,348,2586,9,-73.97022100000001,40.718357000000005,-122.15849800000001,37.671179,"Tight connection: The flight left late which made for a very tight connection, but we made it.Unfortunately our luggage is still in transit. Despite people saying Southeast is not friendly, we found all of the employees both on the ground and in the air on our three fights to nice and efficient"
"Atlanta, GA","Portland, OR",68,Female,Personal Travel,8,3,No,240,2172,5,-122.65108700000002,45.520404000000006,-84.33185800000001,33.824102,"terrible aircraft interior design for legs: These aircrafts have the worst design I have ever seen, and for no reason that I could see, in terms of leg room and space. 3+4+3. On the aisles, there is the bar to support the seats in front of you that is right where your feet or you luggage are supposed to be - i.e. unless your carry on..."
"Los Angeles, CA","New York, NY",19,Female,Personal Travel,0,0,No,351,2475,6,-73.97022100000001,40.718357000000005,-118.10433200000001,33.982668000000004,"Very poor airline: Sending elderly mom for probably the last flight of her life.Husband who recently passed worked for them for 25 years.They don't care luggage with medication gone , went down check bag area before put luggage tag on. Nobody would go down and retrieve it. Now nobody cares being the phone for the day long holds and..."
"San Francisco, CA","Charlotte, NC",63,Female,Mileage tickets,57,62,No,327,2296,8,-80.81582600000002,35.24965400000001,-122.15849800000001,37.671179,quite an expensive flight: Still not terribly enamoured with the business class seats. Not much space below the knees in that small cubby hole. Snacks have been really slimmed down. Flight attendants are really hit and miss compared to other airlines. Six flights in 7 days and 5 of them were delayed at least an hour. Business class flights were VERY expensive...
"Phoenix, AZ","San Francisco, CA",57,Female,Business travel,134,114,No,84,651,8,-122.15849800000001,37.671179,-111.97004100000001,33.494067,"Delays: Let me just say that the flight TO my destination was spot on. The check-in agent and flight crew were excellent. However, on the return leg, disasterous.We arrived two hours before out scheduled departure to be informed that the flight would be delayed for 6 hours. That meant 8 hours in the airport. The check-in agent was..."
"New York, NY","San Francisco, CA",32,Male,Mileage tickets,242,221,No,291,2586,8,-122.15849800000001,37.671179,-73.97022100000001,40.718357000000005,"Unreliable Service: The aircraft were all comfortable even in economy and the aircrew were all good at their job, polite and friendly. The in flight meals are average on the long haul flights. The big problem was the delays, one was 2.5 hours late for a variety of reasons"
"Los Angeles, CA","Kahului, HI",38,Female,Business travel,0,21,No,269,2486,1,-156.47789200000003,20.886428000000002,-118.10433200000001,33.982668000000004,"Flight Attendant services: Flight Attendants during meal service were rather busy chatting to themselves about their private issues (loudly) than paying attention to passengers. One flight attendant (Theresa) dropped at least twice food on the floor and serving it to passengers stating:"" Oh well it's wrapped, so no big deal."" ...thanks for those germs on my plate and hands now...Food at Air..."
"Charlotte, NC","Miami, FL",44,Male,Personal Travel,1,0,No,96,650,4,-80.23142800000001,26.175616,-80.81582600000002,35.24965400000001,"checking in from Miami- worst experience ever.: Literally the worst customer service I've ever experienced. They had 4 employees working, and insane waiting times. Those without luggage tags had to wait over an HOUR in order to be seen by someone. At some point, our line didn't move for 10-15 minutes because they were focusing on passengers in priority boarding, or those with printed luggage tags. Such..."
"Orlando, FL","Manchester, NH",25,Female,Business travel,0,2,No,193,1142,8,-71.47966600000001,42.991043000000005,-81.41121100000001,28.584428000000003,Seat room a bit larger but baggage cost more than Alaskan Airlines: We were charged $25 for my 1 bag & my husband was charged $30 x 2 for his 2 bags. In comparison Alaskan Airlines charged $25 for each of our bags.We had more leg room than with Alaskan Airlines but the baggage was more. All entertainment had to be bought. Best to take own food.
"San Francisco, CA","Boston, MA",24,Female,Business travel,0,0,No,370,2704,10,-71.140708,42.373132000000005,-122.15849800000001,37.671179,"Our child was more comfortable on Southeast flight: The flight attendants were advised on boarding that our child was not comfortable with seatbelts. The told us that as long as she is secured, even if it would be in our lap, we could fly and the flight would not be cancelled!! They were very attentive to our child and were really good with her. They made it easy..."
"Baltimore, MD","Boston, MA",27,Female,Business travel,136,144,No,75,369,8,-71.140708,42.373132000000005,-76.64776,39.23409900000001,"Flight Delays, Flight Delays: Flight delayed for close to two hours. Very little communication. Company apology was an after-thought. On-board service was bare bones."
"San Francisco, CA","Houston, TX",38,Female,Business travel,12,7,No,226,1635,9,-95.39353100000001,29.784308000000003,-122.15849800000001,37.671179,"Even in the back of the plane I was well taken care of: I had pre-ordered a meal, and when we once we were flying I was the first to be asked what I wanted. I asked for a pizza and a wine, and the pizza was pretty good. The attendants had the rest of the plane to take care of too, but I always felt that they got me everything I asked..."
"Los Angeles, CA","New York, NY",68,Male,Personal Travel,122,184,No,371,2475,4,-73.97022100000001,40.718357000000005,-118.10433200000001,33.982668000000004,"Another delayed flight on Southeast: Another flight delayed and still no luggage. Filled out 13 pages of forms, required to copy every boarding pass, itinerary, receipts, copies of passports...all in hopes of getting reimbursement for things bought while there to keep warm and change underwear and to file for lost bag. Terrible system. No outreach from Southeast."
"Los Angeles, CA","New York, NY",51,Female,Business travel,0,0,No,342,2475,9,-73.97022100000001,40.718357000000005,-118.10433200000001,33.982668000000004,"a quality outfit.: 1. Food was quite astonishingly good. Lamb ribs on the way out, AMAZINGLY GOOD and AAA Alberta fillet steak on the way back, which was again, AMAZINGLY GOOD.2. Service again, fantastic.3. Business Class seat is full lie flat bed and is quite comfortable.4. IFE was not the best if I am honest though, it did have say..."
"Phoenix, AZ","Houston, TX",38,Male,Mileage tickets,3,5,No,164,1020,8,-95.39353100000001,29.784308000000003,-111.97004100000001,33.494067,Never disappoints!: Check in was smooth and quick given we were 7 adults and 1 infant with 8 luggages to be checked in. Boarding was smooth. Seats in economy were comfortable. Online food purchase was available with plenty of varieties. Only observation is that ticket prices are quite steep and we still need to purchase meals as well as pay for luggages....
"Detroit, MI","Providence, RI",58,Female,Personal Travel,207,178,No,90,615,4,-71.397401,41.776323000000005,-83.22755400000001,42.490005000000004,Checkin and gate personnel need some training...: The first leg of my flight was delayed for several different reasons causing me to miss my connecting flight. The agents at the originating airport AND connecting airport could not have cared any less and one was basically mocking those of us who were stressed to get to our final destinations. I had to come up with my own plan...
"Waterloo, IA","Chicago, IL",19,Male,Business travel,NA,NA,Yes,NA,234,8,-87.89542700000001,41.82712600000001,-92.38417700000001,42.495926000000004,"Average service in economy class: With the cost cutting, charge for bags and seat selection, there are also less courteous and in flight service.With the price cutting, charge for bags and advance seat selection, there are also less courtesy and flight service. Strongly recommend purchasing take-out food in departure area before boarding flight as food options are mediocre and expensive on board."
"Atlanta, GA","Springfield, MO",34,Male,Mileage tickets,108,98,No,73,563,5,-93.28705300000001,37.148873,-84.33185800000001,33.824102,Hour wait for luggage.: Our round trip  included four flights. Three of them were late.On three flights we paid for upgrades to Business Class. Nice feature.I had gone to the  airport prior to the trip to make sure we would have no issues with taking our camera bags as carryons. They assured me it was the right size. At...
"Atlanta, GA","Colorado Springs, CO",56,Female,Personal Travel,0,0,No,133,1184,6,-104.770643,38.872952000000005,-84.33185800000001,33.824102,"General disregard: I had a flight booked with Southeast . Southeast changed the second leg of the flight to the next day, creating a 26 hour layover. This change was poorly communicated, with only a single email consisting of an attached PDF file with two digits changed in the entire document. Air..."
"Denver, CO","Missoula, MT",77,Female,Personal Travel,0,0,No,86,679,4,-114.03422200000001,46.873960000000004,-104.95509600000001,39.71077400000001,"Worst ever: overbooked. Lying staff, money grubbing. Garbage food. Uncomfortable/. The worst airline I have every flown."
"Denver, CO","Kahului, HI",58,Male,Mileage tickets,0,0,No,378,3302,9,-156.47789200000003,20.886428000000002,-104.95509600000001,39.71077400000001,"good flight, reasonable food, great price!: Best price of all the ""bigname"" airlines - one stop (so-so airport food there). Quiet, comfortable flight (I am 5'3"", so I'm usually comfortable on a flight). ""Dreamliner"" was nearly new, so that was nice- entertainment system had plenty of movies and there was a usb plug to charge my phone. Food was better..."
"Key West, FL","New Orleans, LA",52,Female,Business travel,4,34,No,89,643,9,-90.14368300000001,29.954653000000004,-81.75154,24.569626000000003,"An Enjoyable Flight: I flew on the Southeast  as it was cheapest. It was a good flight and we enjoyed some amenities. The chairs were comfortable and I enjoyed the movie selection and the meal. A family member flew out of Toronto with Southeast for the same trip and had a horrible flight,..."
"Chicago, IL","Grand Rapids, MI",55,Female,Mileage tickets,355,346,No,29,137,8,-85.6686,42.942857000000004,-87.89542700000001,41.82712600000001,Poor Communication about Flight Delay: The evening flight was delayed by 3 hours. The airline staff was nowhere to be found. Received updates via the Internet. Very poor communication regardless of whom is to blame - the airport or the airline.This is not an isolated incident. Happened also on a differernt flight.
"Atlanta, GA","Indianapolis, IN",62,Male,Personal Travel,NA,NA,Yes,NA,432,6,-86.14552100000002,39.811262000000006,-84.33185800000001,33.824102,Just get me home: The flight was on time. What happened to Customer service? The stewards on the way home need to re-evaluate their chosen career - maybe they were having a bad day but not once did they ever crack a smile. The pilot never spoke a word the entire flight home. Just get me home...
"Atlanta, GA","Jacksonville, FL",28,Female,Business travel,0,0,No,44,270,9,-81.64274000000002,30.240140000000004,-84.33185800000001,33.824102,Decent flight at a decent price: Southeast provides decent flights with on-board Coca Cola products (and tasty snacks) even on short flights. Its pretty much your average service.
"Chicago, IL","Tampa, FL",73,Male,Personal Travel,0,1,No,149,1012,5,-82.51318800000001,28.006247000000002,-87.89542700000001,41.82712600000001,Didn't sit next to husband: Booked a flight 5 months ago and paid a substantial amount come to find out they changed the flight to a smaller plane and my husband and I got moved to completely different rows and would not be sitting together. The woman I was sitting next to had the same situation with her family members...
"Columbus, OH","Los Angeles, CA",71,Male,Personal Travel,0,0,No,225,1995,9,-118.10433200000001,33.982668000000004,-82.96853200000001,40.021161000000006,"Nap Time: I have traveled all over since a very young age and one thing i've really struggled with on planes is sleeping. On my flight, i was with my best friend who had NEVER flown before. She was terrified and not wanting to do it at all. On this flight i was not only able to sleep..."
"Seattle, WA","New York, NY",32,Female,Business travel,0,0,No,344,2422,10,-73.97022100000001,40.718357000000005,-122.27466100000001,47.46840900000001,"took non-top flight: Traveled for vacation with family. There were no delays, and in-flight since we were flying at night , crew kept announcements to a minimum. On the return we had a medical emergency 3 hours from landing. Crew handled it professionally, and quickly"
"San Diego, CA","Miami, FL",55,Female,Mileage tickets,0,0,No,306,2267,9,-80.23142800000001,26.175616,-117.12879900000001,32.92872800000001,Long Haul!: This was our first time flying with Southeast. It's a long haul flight so it's worth understanding that it's never going to be a relaxing or pleasant experience if you haven't done a service like this before. Having said that Southeast were pretty good.
"Chicago, IL","San Juan, PR",28,Male,Business travel,9,0,No,279,2072,9,-66.116246,18.288174,-87.89542700000001,41.82712600000001,"No complaints: Business class seats were very comfortable. Full flight, but good service. In flight movie options were very different than other airlines. Not many new releases, it still a variety of old ones to choose from. I watch a lot of movies while flying. Food, wine and inbetween snacks were very good."
"Chicago, IL","Rochester, NY",49,Female,Personal Travel,20,8,No,82,528,3,-77.56820700000002,43.13760800000001,-87.89542700000001,41.82712600000001,"Horrible customer service: I started my vacation  by flying with Southeast.  Since my family and I had checked in online, the airline informed us to arrive 1 hour prior to our flight. Knowing that we would have to go through security, we arrived 2 hrs..."
"Tampa, FL","San Juan, PR",35,Female,Business travel,27,24,No,177,1237,4,-66.116246,18.288174,-82.51318800000001,28.006247000000002,"nickel and dime you to death: The original cost looked good, after the add ons not so much. almost froze to death. Had to buy a blanket, even after I upgraded. Know your total cost before you book.Web site very hard to navigate."
"New York, NY","Las Vegas, NV",34,Female,Personal Travel,31,129,No,271,2248,4,-115.16721800000002,36.134893000000005,-73.97022100000001,40.718357000000005,"Worst Flight Ever!!!: Where to start, first we got delayed 2 1/2 hours  and missed our connecting flight . We had to wait 5 hours for a flight to connect."
"Boston, MA","San Francisco, CA",38,Male,Business travel,51,23,No,282,2704,9,-122.15849800000001,37.671179,-71.140708,42.373132000000005,Bag drop appalling flight 100% spot on: Bag drop appalling total disorganised 90 mins just to drop bags.Economy seats big comfy plenty of leg room .polite helpful staff food was very edible .certtainly recommend to anyone.Couldnt fault it .
"Washington, DC","San Diego, CA",31,Female,Business travel,0,0,No,241,2276,10,-117.12879900000001,32.92872800000001,-77.18974000000001,38.897394000000006,"All round pleasant experience: Through check in and the gate,A lovely way to start a holiday! all staff were cheerful but business-like.The cabin design is excellent ,the sleeper seats extremely comfortable.The Service Director of 854/28May,Monica,was a superb combination of friendliness and professionalism,as was the rest of the cabin crew.flight went by very quickly with a good choice of music and movies.As I..."
"Denver, CO","Houston, TX",42,Male,Business travel,0,0,No,117,862,8,-95.39353100000001,29.784308000000003,-104.95509600000001,39.71077400000001,Watch out for those quick transfers: The flight out was delayed slightly and the flight took a little longer so I only had minutes to catch my connecting flight and the gate was no where in sight. I had to grab my things and run from one terminal wing to another and just made it. Man was I out of breadth.
"Charlotte, NC","San Francisco, CA",65,Female,Personal Travel,103,85,No,249,2296,4,-122.15849800000001,37.671179,-80.81582600000002,35.24965400000001,"Southeast staff  - terrible customer service: We were flying on Southeast. The plane was 1 hr, 20 min late due to weather. 90% of the passengers had connections. Southeast staff  told us several times over the loud speaker ""We know many of you have connections. Don't worry, They..."
